symbol,status,type,distance_pct,trend,ltp,virgin_level,pivot,tc,bc,width_pct,width_percentile,narrow_threshold_pct,days_virgin,source_date,session_date,is_virgin,is_narrow,narrow_percentile_used,scanned_at
PIDILITIND,1566.00,V+N,1.62,above,1591.3,1566.0,1565.93,1566.0,1565.87,0.009,2.2,0.025,1,2026-07-20,2026-07-21,True,True,5.0,2026-07-21T15:46:38+05:30
NAVINFLUOR,7803.50,V+W,1.01,above,7882.0,7803.5,7745.5,7803.5,7687.5,1.498,97.0,0.046,1,2026-07-20,2026-07-21,True,False,5.0,2026-07-21T15:46:38+05:30
NETWEB,4176.95,V,1.92,above,4257.3,4176.95,4175.8,4176.95,4174.65,0.055,5.2,0.054,1,2026-07-20,2026-07-21,True,False,5.0,2026-07-21T15:46:38+05:30
SARDAEN,502.50,V,1.21,above,508.6,502.5,502.42,502.5,502.33,0.033,5.2,0.031,1,2026-07-20,2026-07-21,True,False,5.0,2026-07-21T15:46:38+05:30
CANHLIFE,149.83,V,3.19,above,154.61,149.83,149.81,149.83,149.79,0.027,5.3,0.02,1,2026-07-20,2026-07-21,True,False,5.0,2026-07-21T15:46:38+05:30
ACE,992.40,V,4.34,above,1035.5,992.4,992.13,992.4,991.87,0.054,6.0,0.049,1,2026-07-20,2026-07-21,True,False,5.0,2026-07-21T15:46:38+05:30
UBL,1350.65,V,3.98,above,1404.4,1350.65,1350.4,1350.65,1350.15,0.037,6.6,0.028,1,2026-07-20,2026-07-21,True,False,5.0,2026-07-21T15:46:38+05:30
NUVAMA,1855.20,V,1.96,above,1891.6,1855.2,1854.8,1855.2,1854.4,0.043,7.9,0.025,1,2026-07-20,2026-07-21,True,False,5.0,2026-07-21T15:46:38+05:30
PIIND,2656.75,V,0.94,above,2681.8,2656.75,2656.1,2656.75,2655.45,0.049,8.8,0.032,1,2026-07-20,2026-07-21,True,False,5.0,2026-07-21T15:46:38+05:30
LENSKART,541.43,V,1.41,above,549.05,541.43,541.17,541.43,540.9,0.099,10.9,0.03,1,2026-07-20,2026-07-21,True,False,5.0,2026-07-21T15:46:38+05:30
WELCORP,1614.92,V,0.87,above,1628.9,1614.92,1614.03,1614.92,1613.15,0.109,12.1,0.051,1,2026-07-20,2026-07-21,True,False,5.0,2026-07-21T15:46:38+05:30
BIKAJI,641.74,V,0.39,above,644.25,641.74,641.53,641.74,641.32,0.065,12.3,0.02,1,2026-07-20,2026-07-21,True,False,5.0,2026-07-21T15:46:38+05:30
CARTRADE,2748.00,V,-0.8,below,2726.0,2748.0,2750.47,2752.93,2748.0,0.179,13.4,0.043,1,2026-07-20,2026-07-21,True,False,5.0,2026-07-21T15:46:38+05:30
HFCL,208.43,V,4.58,above,217.97,208.43,208.3,208.43,208.16,0.128,13.4,0.028,1,2026-07-20,2026-07-21,True,False,5.0,2026-07-21T15:46:38+05:30
RKFORGE,561.74,V,2.59,above,576.3,561.74,561.33,561.74,560.92,0.145,16.2,0.05,1,2026-07-20,2026-07-21,True,False,5.0,2026-07-21T15:46:38+05:30
JUBLINGREA,738.55,V,3.42,above,763.8,738.55,737.98,738.55,737.42,0.154,16.4,0.036,1,2026-07-20,2026-07-21,True,False,5.0,2026-07-21T15:46:38+05:30
NAUKRI,1193.60,V,1.18,above,1207.7,1193.6,1192.9,1193.6,1192.2,0.117,16.7,0.023,1,2026-07-20,2026-07-21,True,False,5.0,2026-07-21T15:46:38+05:30
CHENNPETRO,1212.83,V,3.73,above,1258.1,1212.83,1211.67,1212.83,1210.5,0.193,19.2,0.027,1,2026-07-20,2026-07-21,True,False,5.0,2026-07-21T15:46:38+05:30
GVT&D,4439.75,V,1.07,above,4487.3,4439.75,4434.6,4439.75,4429.45,0.232,23.0,0.022,1,2026-07-20,2026-07-21,True,False,5.0,2026-07-21T15:46:38+05:30
GABRIEL,1396.02,V,6.62,above,1488.5,1396.02,1394.03,1396.02,1392.05,0.285,24.1,0.033,1,2026-07-20,2026-07-21,True,False,5.0,2026-07-21T15:46:38+05:30
JSL,733.42,V,0.77,above,739.05,733.42,732.53,733.42,731.64,0.243,26.3,0.043,1,2026-07-20,2026-07-21,True,False,5.0,2026-07-21T15:46:38+05:30
APTUS,305.80,V,-1.55,below,301.05,305.8,306.15,306.5,305.8,0.229,27.7,0.024,1,2026-07-20,2026-07-21,True,False,5.0,2026-07-21T15:46:38+05:30
KPITTECH,560.53,V,0.7,above,564.45,560.53,559.85,560.53,559.18,0.241,29.6,0.039,1,2026-07-20,2026-07-21,True,False,5.0,2026-07-21T15:46:38+05:30
JPPOWER,16.98,V,4.57,above,17.75,16.98,16.95,16.98,16.92,0.334,31.0,0.037,1,2026-07-20,2026-07-21,True,False,5.0,2026-07-21T15:46:38+05:30
SUPREMEIND,3441.77,V,-1.24,below,3399.1,3441.77,3446.83,3451.9,3441.77,0.294,35.1,0.041,1,2026-07-20,2026-07-21,True,False,5.0,2026-07-21T15:46:38+05:30
DCMSHRIRAM,1029.25,V,0.86,above,1038.1,1029.25,1027.3,1029.25,1025.35,0.38,43.6,0.024,1,2026-07-20,2026-07-21,True,False,5.0,2026-07-21T15:46:38+05:30
ZYDUSLIFE,1150.57,V,-0.65,below,1143.1,1150.57,1152.13,1153.7,1150.57,0.272,43.8,0.024,1,2026-07-20,2026-07-21,True,False,5.0,2026-07-21T15:46:38+05:30
EIHOTEL,338.50,V,-0.96,below,335.25,338.5,339.07,339.63,338.5,0.334,45.2,0.031,1,2026-07-20,2026-07-21,True,False,5.0,2026-07-21T15:46:38+05:30
ABCAPITAL,400.28,V,2.19,above,409.05,400.28,399.42,400.28,398.55,0.434,47.1,0.037,1,2026-07-20,2026-07-21,True,False,5.0,2026-07-21T15:46:38+05:30
LAURUSLABS,1555.83,V,2.4,above,1593.2,1555.83,1552.77,1555.83,1549.7,0.395,47.1,0.017,1,2026-07-20,2026-07-21,True,False,5.0,2026-07-21T15:46:38+05:30
EICHERMOT,7552.33,V,1.82,above,7689.5,7552.33,7541.17,7552.33,7530.0,0.296,51.0,0.024,1,2026-07-20,2026-07-21,True,False,5.0,2026-07-21T15:46:38+05:30
SONACOMS,713.00,V,2.77,above,732.75,713.0,711.45,713.0,709.9,0.436,51.2,0.034,1,2026-07-20,2026-07-21,True,False,5.0,2026-07-21T15:46:38+05:30
BLUEDART,4890.97,V,-0.43,below,4869.8,4890.97,4898.93,4906.9,4890.97,0.325,52.6,0.017,1,2026-07-20,2026-07-21,True,False,5.0,2026-07-21T15:46:38+05:30
BHEL,418.61,V,-1.27,below,413.3,418.61,419.72,420.82,418.61,0.528,55.6,0.053,1,2026-07-20,2026-07-21,True,False,5.0,2026-07-21T15:46:38+05:30
INDUSINDBK,1030.53,V,3.19,above,1063.45,1030.53,1028.22,1030.53,1025.9,0.451,55.9,0.031,1,2026-07-20,2026-07-21,True,False,5.0,2026-07-21T15:46:38+05:30
CUMMINSIND,5492.08,V,1.66,above,5583.0,5492.08,5478.17,5492.08,5464.25,0.508,60.0,0.019,1,2026-07-20,2026-07-21,True,False,5.0,2026-07-21T15:46:38+05:30
DALBHARAT,1843.67,V,1.11,above,1864.2,1843.67,1839.53,1843.67,1835.4,0.449,60.8,0.028,1,2026-07-20,2026-07-21,True,False,5.0,2026-07-21T15:46:38+05:30
THERMAX,4697.83,V,3.05,above,4841.0,4697.83,4685.17,4697.83,4672.5,0.541,60.8,0.019,1,2026-07-20,2026-07-21,True,False,5.0,2026-07-21T15:46:38+05:30
BSE,3634.43,V,0.81,above,3664.0,3634.43,3620.97,3634.43,3607.5,0.744,61.1,0.024,1,2026-07-20,2026-07-21,True,False,5.0,2026-07-21T15:46:38+05:30
NESTLEIND,1443.63,V,0.57,above,1451.9,1443.63,1440.97,1443.63,1438.3,0.37,61.1,0.032,1,2026-07-20,2026-07-21,True,False,5.0,2026-07-21T15:46:38+05:30
HYUNDAI,1977.35,V,-0.95,below,1958.6,1977.35,1982.4,1987.45,1977.35,0.509,61.6,0.027,1,2026-07-20,2026-07-21,True,False,5.0,2026-07-21T15:46:38+05:30
HEROMOTOCO,4965.97,V,1.37,above,5034.1,4965.97,4954.23,4965.97,4942.5,0.474,61.9,0.017,1,2026-07-20,2026-07-21,True,False,5.0,2026-07-21T15:46:38+05:30
IOC,142.09,V,0.85,above,143.3,142.09,141.78,142.09,141.46,0.447,62.7,0.021,1,2026-07-20,2026-07-21,True,False,5.0,2026-07-21T15:46:38+05:30
EIDPARRY,760.00,V,1.03,above,767.85,760.0,757.75,760.0,755.5,0.594,64.1,0.038,1,2026-07-20,2026-07-21,True,False,5.0,2026-07-21T15:46:38+05:30
ASAHIINDIA,886.95,V,0.78,above,893.85,886.95,884.05,886.95,881.15,0.656,64.7,0.042,1,2026-07-20,2026-07-21,True,False,5.0,2026-07-21T15:46:38+05:30
INDIGO,5216.33,V,1.7,above,5305.0,5216.33,5203.67,5216.33,5191.0,0.487,64.9,0.023,1,2026-07-20,2026-07-21,True,False,5.0,2026-07-21T15:46:38+05:30
BHARTIHEXA,1612.63,V,2.39,above,1651.1,1612.63,1608.07,1612.63,1603.5,0.568,65.2,0.037,1,2026-07-20,2026-07-21,True,False,5.0,2026-07-21T15:46:38+05:30
JKCEMENT,5435.58,V,4.09,above,5658.0,5435.58,5418.17,5435.58,5400.75,0.643,67.4,0.033,1,2026-07-20,2026-07-21,True,False,5.0,2026-07-21T15:46:38+05:30
IOB,34.90,V,0.99,above,35.25,34.9,34.81,34.9,34.71,0.555,68.8,0.034,1,2026-07-20,2026-07-21,True,False,5.0,2026-07-21T15:46:38+05:30
ULTRACEMCO,11877.50,V,1.82,above,12094.0,11877.5,11852.0,11877.5,11826.5,0.43,70.7,0.023,1,2026-07-20,2026-07-21,True,False,5.0,2026-07-21T15:46:38+05:30
ANANTRAJ,598.12,V,1.79,above,608.85,598.12,595.43,598.12,592.75,0.901,71.0,0.087,1,2026-07-20,2026-07-21,True,False,5.0,2026-07-21T15:46:38+05:30
BPCL,316.61,V,0.87,above,319.35,316.61,315.62,316.61,314.62,0.628,71.0,0.022,1,2026-07-20,2026-07-21,True,False,5.0,2026-07-21T15:46:38+05:30
KPIL,1318.68,V,1.75,above,1341.7,1318.68,1313.97,1318.68,1309.25,0.718,72.1,0.043,1,2026-07-20,2026-07-21,True,False,5.0,2026-07-21T15:46:38+05:30
LLOYDSME,1900.37,V,1.9,above,1936.4,1900.37,1892.83,1900.37,1885.3,0.796,72.1,0.043,1,2026-07-20,2026-07-21,True,False,5.0,2026-07-21T15:46:38+05:30
LUPIN,2472.13,V,1.73,above,2514.8,2472.13,2465.77,2472.13,2459.4,0.516,75.9,0.028,1,2026-07-20,2026-07-21,True,False,5.0,2026-07-21T15:46:38+05:30
KARURVYSYA,304.32,V,11.82,above,340.3,304.32,303.22,304.32,302.11,0.731,76.4,0.038,1,2026-07-20,2026-07-21,True,False,5.0,2026-07-21T15:46:38+05:30
TARIL,327.70,V,-3.31,below,316.85,327.7,329.67,331.63,327.7,1.193,76.4,0.055,1,2026-07-20,2026-07-21,True,False,5.0,2026-07-21T15:46:38+05:30
ADANIPOWER,219.02,V,0.62,above,220.37,219.02,218.06,219.02,217.11,0.874,76.7,0.068,1,2026-07-20,2026-07-21,True,False,5.0,2026-07-21T15:46:38+05:30
CHAMBLFERT,444.78,V,-1.24,below,439.25,444.78,446.37,447.95,444.78,0.709,77.3,0.03,1,2026-07-20,2026-07-21,True,False,5.0,2026-07-21T15:46:38+05:30
POONAWALLA,469.27,V,-1.29,below,463.2,469.27,471.28,473.3,469.27,0.856,78.1,0.033,1,2026-07-20,2026-07-21,True,False,5.0,2026-07-21T15:46:38+05:30
GALLANTT,623.71,V,-5.24,below,591.0,623.71,627.27,630.83,623.71,1.135,78.4,0.073,1,2026-07-20,2026-07-21,True,False,5.0,2026-07-21T15:46:38+05:30
HDFCBANK,779.16,V,-2.27,below,761.45,779.16,780.72,782.27,779.16,0.399,78.9,0.02,1,2026-07-20,2026-07-21,True,False,5.0,2026-07-21T15:46:38+05:30
HINDPETRO,403.67,V,0.81,above,406.95,403.67,401.93,403.67,400.2,0.862,81.9,0.034,1,2026-07-20,2026-07-21,True,False,5.0,2026-07-21T15:46:38+05:30
IDFCFIRSTB,81.50,V,0.2,above,81.66,81.5,81.22,81.5,80.94,0.689,83.0,0.033,1,2026-07-20,2026-07-21,True,False,5.0,2026-07-21T15:46:38+05:30
MANKIND,2555.88,V,0.92,above,2579.5,2555.88,2545.97,2555.88,2536.05,0.779,83.8,0.035,1,2026-07-20,2026-07-21,True,False,5.0,2026-07-21T15:46:38+05:30
BAJFINANCE,1060.32,V,0.84,above,1069.2,1060.32,1056.63,1060.32,1052.95,0.697,84.9,0.025,1,2026-07-20,2026-07-21,True,False,5.0,2026-07-21T15:46:38+05:30
HAVELLS,1196.08,V,1.8,above,1217.6,1196.08,1191.87,1196.08,1187.65,0.708,85.5,0.019,1,2026-07-20,2026-07-21,True,False,5.0,2026-07-21T15:46:38+05:30
FEDERALBNK,349.45,V,1.89,above,356.05,349.45,348.15,349.45,346.85,0.747,86.0,0.026,1,2026-07-20,2026-07-21,True,False,5.0,2026-07-21T15:46:38+05:30
BHARTIARTL,1934.02,V,0.74,above,1948.4,1934.02,1927.93,1934.02,1921.85,0.631,87.4,0.013,1,2026-07-20,2026-07-21,True,False,5.0,2026-07-21T15:46:38+05:30
MANAPPURAM,335.36,V,4.89,above,351.75,335.36,333.62,335.36,331.88,1.044,90.7,0.031,1,2026-07-20,2026-07-21,True,False,5.0,2026-07-21T15:46:38+05:30
EMCURE,1848.68,V,4.1,above,1924.5,1848.68,1836.17,1848.68,1823.65,1.363,91.2,0.031,1,2026-07-20,2026-07-21,True,False,5.0,2026-07-21T15:46:38+05:30
IPCALAB,1850.70,V,-2.79,below,1799.0,1850.7,1862.8,1874.9,1850.7,1.299,95.3,0.032,1,2026-07-20,2026-07-21,True,False,5.0,2026-07-21T15:46:38+05:30
FLUOROCHEM,4285.73,V,7.5,above,4607.1,4285.73,4255.27,4285.73,4224.8,1.432,96.2,0.022,1,2026-07-20,2026-07-21,True,False,5.0,2026-07-21T15:46:38+05:30
PNB,111.07,V,0.91,above,112.08,111.07,110.37,111.07,109.67,1.259,96.2,0.033,1,2026-07-20,2026-07-21,True,False,5.0,2026-07-21T15:46:38+05:30
JSWSTEEL,1256.97,NARROW,0.83,above,1267.4,1256.97,1256.93,1256.97,1256.9,0.005,1.6,0.024,0,2026-07-20,2026-07-21,False,True,5.0,2026-07-21T15:46:38+05:30
NSLNISP,42.98,NARROW,0.31,above,43.11,42.98,42.98,42.98,42.98,0.008,1.6,0.047,0,2026-07-20,2026-07-21,False,True,5.0,2026-07-21T15:46:38+05:30
OLECTRA,1345.68,NARROW,0.72,above,1355.4,1345.68,1345.67,1345.68,1345.65,0.002,1.6,0.037,0,2026-07-20,2026-07-21,False,True,5.0,2026-07-21T15:46:38+05:30
HUDCO,201.90,NARROW,-0.79,below,200.3,201.9,201.91,201.91,201.9,0.007,1.9,0.036,0,2026-07-20,2026-07-21,False,True,5.0,2026-07-21T15:46:38+05:30
ANANDRATHI,2082.62,NARROW,0.41,above,2091.2,2082.62,2082.53,2082.62,2082.45,0.008,2.5,0.022,0,2026-07-20,2026-07-21,False,True,5.0,2026-07-21T15:46:38+05:30
APOLLOTYRE,428.72,NARROW,-0.05,below,428.5,428.72,428.73,428.75,428.72,0.008,2.5,0.038,0,2026-07-20,2026-07-21,False,True,5.0,2026-07-21T15:46:38+05:30
ETERNAL,286.93,NARROW,-0.11,below,286.6,286.93,286.93,286.94,286.93,0.006,2.5,0.028,0,2026-07-20,2026-07-21,False,True,5.0,2026-07-21T15:46:38+05:30
ICICIPRULI,498.38,NARROW,0.42,above,500.5,498.38,498.37,498.38,498.35,0.007,2.7,0.021,0,2026-07-20,2026-07-21,False,True,5.0,2026-07-21T15:46:38+05:30
KALYANKJIL,569.97,NARROW,1.23,above,577.0,569.97,569.93,569.97,569.9,0.012,2.7,0.038,0,2026-07-20,2026-07-21,False,True,5.0,2026-07-21T15:46:38+05:30
BALRAMCHIN,600.12,NARROW,2.95,above,617.85,600.12,600.1,600.12,600.07,0.008,3.0,0.029,0,2026-07-20,2026-07-21,False,True,5.0,2026-07-21T15:46:38+05:30
SUNDARMFIN,4424.95,NARROW,1.08,above,4472.6,4424.95,4424.7,4424.95,4424.45,0.011,3.0,0.029,0,2026-07-20,2026-07-21,False,True,5.0,2026-07-21T15:46:38+05:30
TITAN,4643.15,NARROW,0.98,above,4688.7,4643.15,4642.9,4643.15,4642.65,0.011,3.0,0.016,0,2026-07-20,2026-07-21,False,True,5.0,2026-07-21T15:46:38+05:30
JWL,251.45,NARROW,-0.44,below,250.35,251.45,251.48,251.52,251.45,0.027,3.6,0.042,0,2026-07-20,2026-07-21,False,True,5.0,2026-07-21T15:46:38+05:30
TATACONSUM,1091.60,NARROW,-0.93,below,1081.5,1091.6,1091.7,1091.8,1091.6,0.018,3.6,0.029,0,2026-07-20,2026-07-21,False,True,5.0,2026-07-21T15:46:38+05:30
ICICIBANK,1460.05,NARROW,0.21,above,1463.1,1460.05,1459.9,1460.05,1459.75,0.021,3.8,0.023,0,2026-07-20,2026-07-21,False,True,5.0,2026-07-21T15:46:38+05:30
KFINTECH,881.98,NARROW,0.78,above,888.85,881.98,881.92,881.98,881.86,0.013,4.1,0.019,0,2026-07-20,2026-07-21,False,True,5.0,2026-07-21T15:46:38+05:30
CESC,165.64,NARROW,-0.35,below,165.06,165.64,165.66,165.69,165.64,0.032,4.4,0.037,0,2026-07-20,2026-07-21,False,True,5.0,2026-07-21T15:46:38+05:30
ATGL,712.57,NARROW,-1.71,below,700.4,712.57,712.68,712.79,712.57,0.03,4.7,0.035,0,2026-07-20,2026-07-21,False,True,5.0,2026-07-21T15:46:38+05:30
PAYTM,1346.45,NARROW,-3.41,below,1300.5,1346.45,1346.8,1347.15,1346.45,0.052,4.7,0.058,0,2026-07-20,2026-07-21,False,True,5.0,2026-07-21T15:46:38+05:30
JSWENERGY,563.13,WIDE,0.55,above,566.2,563.13,558.55,563.13,553.98,1.638,97.5,0.025,0,2026-07-20,2026-07-21,False,False,5.0,2026-07-21T15:46:38+05:30
MAPMYINDIA,1108.23,WIDE,-3.43,below,1070.25,1108.23,1119.47,1130.7,1108.23,2.007,97.5,0.027,0,2026-07-20,2026-07-21,False,False,5.0,2026-07-21T15:46:38+05:30
COLPAL,2087.20,WIDE,0.27,inside,2092.9,2087.2,2087.2,2100.15,2074.25,1.241,97.8,0.024,0,2026-07-20,2026-07-21,False,False,5.0,2026-07-21T15:46:38+05:30
TORNTPHARM,4964.45,WIDE,1.54,above,5040.7,4964.45,4923.5,4964.45,4882.55,1.663,99.2,0.025,0,2026-07-20,2026-07-21,False,False,5.0,2026-07-21T15:46:38+05:30
FACT,831.95,TOUCHED,0.17,above,833.4,831.95,831.7,831.95,831.45,0.06,5.2,0.06,0,2026-07-20,2026-07-21,False,False,5.0,2026-07-21T15:46:38+05:30
SBFC,93.51,TOUCHED,-0.03,below,93.49,93.51,93.53,93.54,93.51,0.032,5.2,0.03,0,2026-07-20,2026-07-21,False,False,5.0,2026-07-21T15:46:38+05:30
SHYAMMETL,1055.25,TOUCHED,0.7,above,1062.65,1055.25,1055.17,1055.25,1055.08,0.016,5.2,0.015,0,2026-07-20,2026-07-21,False,False,5.0,2026-07-21T15:46:38+05:30
SRF,2871.22,TOUCHED,2.36,above,2939.0,2871.22,2870.73,2871.22,2870.25,0.034,5.2,0.031,0,2026-07-20,2026-07-21,False,False,5.0,2026-07-21T15:46:38+05:30
PHOENIXLTD,2073.48,TOUCHED,0.85,above,2091.2,2073.48,2072.97,2073.48,2072.45,0.05,5.5,0.047,0,2026-07-20,2026-07-21,False,False,5.0,2026-07-21T15:46:38+05:30
SAMMAANCAP,163.78,TOUCHED,-0.22,below,163.43,163.78,163.82,163.85,163.78,0.041,5.5,0.039,0,2026-07-20,2026-07-21,False,False,5.0,2026-07-21T15:46:38+05:30
TATASTEEL,186.47,TOUCHED,0.41,above,187.24,186.47,186.45,186.47,186.43,0.023,5.5,0.021,0,2026-07-20,2026-07-21,False,False,5.0,2026-07-21T15:46:38+05:30
BBTC,1497.48,TOUCHED,-0.41,below,1491.4,1497.48,1497.77,1498.05,1497.48,0.038,5.8,0.032,0,2026-07-20,2026-07-21,False,False,5.0,2026-07-21T15:46:38+05:30
VMM,111.19,TOUCHED,2.11,above,113.54,111.19,111.17,111.19,111.15,0.036,6.0,0.028,0,2026-07-20,2026-07-21,False,False,5.0,2026-07-21T15:46:38+05:30
IIFL,558.10,TOUCHED,2.45,above,571.8,558.1,557.97,558.1,557.83,0.048,6.3,0.036,0,2026-07-20,2026-07-21,False,False,5.0,2026-07-21T15:46:38+05:30
ANTHEM,791.74,TOUCHED,-0.02,below,791.55,791.74,791.93,792.12,791.74,0.048,6.8,0.042,0,2026-07-20,2026-07-21,False,False,5.0,2026-07-21T15:46:38+05:30
CHALET,856.13,TOUCHED,-1.89,below,839.95,856.13,856.27,856.4,856.13,0.031,6.8,0.023,0,2026-07-20,2026-07-21,False,False,5.0,2026-07-21T15:46:38+05:30
HAL,4490.00,TOUCHED,2.04,above,4581.7,4490.0,4489.0,4490.0,4488.0,0.045,6.8,0.038,0,2026-07-20,2026-07-21,False,False,5.0,2026-07-21T15:46:38+05:30
LODHA,1188.10,TOUCHED,0.91,above,1198.95,1188.1,1187.8,1188.1,1187.5,0.051,6.8,0.031,0,2026-07-20,2026-07-21,False,False,5.0,2026-07-21T15:46:38+05:30
RPOWER,24.33,TOUCHED,-0.13,below,24.3,24.33,24.34,24.35,24.33,0.096,6.8,0.076,0,2026-07-20,2026-07-21,False,False,5.0,2026-07-21T15:46:38+05:30
DELHIVERY,486.60,TOUCHED,-0.38,below,484.75,486.6,486.68,486.77,486.6,0.034,7.1,0.021,0,2026-07-20,2026-07-21,False,False,5.0,2026-07-21T15:46:38+05:30
ITI,282.07,TOUCHED,1.27,above,285.65,282.07,281.98,282.07,281.89,0.065,7.4,0.035,0,2026-07-20,2026-07-21,False,False,5.0,2026-07-21T15:46:38+05:30
SONATSOFTW,309.48,TOUCHED,-2.24,below,302.55,309.48,309.58,309.69,309.48,0.07,7.7,0.026,0,2026-07-20,2026-07-21,False,False,5.0,2026-07-21T15:46:38+05:30
DEVYANI,110.96,TOUCHED,-0.11,below,110.83,110.96,110.99,111.03,110.96,0.066,7.9,0.04,0,2026-07-20,2026-07-21,False,False,5.0,2026-07-21T15:46:38+05:30
ANURAS,1268.17,TOUCHED,-0.14,below,1266.4,1268.17,1268.43,1268.7,1268.17,0.042,8.2,0.025,0,2026-07-20,2026-07-21,False,False,5.0,2026-07-21T15:46:38+05:30
CYIENT,849.55,TOUCHED,-0.31,below,846.95,849.55,849.75,849.95,849.55,0.047,8.2,0.024,0,2026-07-20,2026-07-21,False,False,5.0,2026-07-21T15:46:38+05:30
FIRSTCRY,210.95,TOUCHED,-0.93,below,208.99,210.95,211.07,211.18,210.95,0.107,8.2,0.073,0,2026-07-20,2026-07-21,False,False,5.0,2026-07-21T15:46:38+05:30
CASTROLIND,184.24,TOUCHED,0.29,above,184.78,184.24,184.2,184.24,184.17,0.036,9.0,0.015,0,2026-07-20,2026-07-21,False,False,5.0,2026-07-21T15:46:38+05:30
MINDACORP,676.01,TOUCHED,0.76,above,681.15,676.01,675.77,676.01,675.52,0.072,9.0,0.038,0,2026-07-20,2026-07-21,False,False,5.0,2026-07-21T15:46:38+05:30
BDL,1257.03,TOUCHED,1.29,above,1273.2,1257.03,1256.47,1257.03,1255.9,0.09,9.3,0.047,0,2026-07-20,2026-07-21,False,False,5.0,2026-07-21T15:46:38+05:30
AARTIIND,495.98,TOUCHED,0.71,above,499.5,495.98,495.78,495.98,495.59,0.077,9.6,0.037,0,2026-07-20,2026-07-21,False,False,5.0,2026-07-21T15:46:38+05:30
AAVAS,1496.92,TOUCHED,1.66,above,1521.7,1496.92,1496.43,1496.92,1495.95,0.065,9.6,0.027,0,2026-07-20,2026-07-21,False,False,5.0,2026-07-21T15:46:38+05:30
HINDUNILVR,2141.10,TOUCHED,0.07,above,2142.5,2141.1,2140.63,2141.1,2140.17,0.044,9.6,0.015,0,2026-07-20,2026-07-21,False,False,5.0,2026-07-21T15:46:38+05:30
PNBHOUSING,1097.65,TOUCHED,-0.33,below,1094.0,1097.65,1097.9,1098.15,1097.65,0.046,9.6,0.027,0,2026-07-20,2026-07-21,False,False,5.0,2026-07-21T15:46:38+05:30
LTF,305.73,TOUCHED,0.33,above,306.75,305.73,305.62,305.73,305.5,0.076,10.1,0.03,0,2026-07-20,2026-07-21,False,False,5.0,2026-07-21T15:46:38+05:30
JINDALSTEL,1032.87,TOUCHED,1.15,above,1044.7,1032.87,1032.43,1032.87,1032.0,0.084,10.4,0.035,0,2026-07-20,2026-07-21,False,False,5.0,2026-07-21T15:46:38+05:30
NIVABUPA,86.04,TOUCHED,-0.0,inside,86.04,86.04,86.04,86.06,86.03,0.043,10.4,0.021,0,2026-07-20,2026-07-21,False,False,5.0,2026-07-21T15:46:38+05:30
TBOTEK,1444.02,TOUCHED,1.46,above,1465.1,1444.02,1443.43,1444.02,1442.85,0.081,10.4,0.034,0,2026-07-20,2026-07-21,False,False,5.0,2026-07-21T15:46:38+05:30
INDGN,508.65,TOUCHED,-0.18,below,507.75,508.65,508.8,508.95,508.65,0.059,10.7,0.022,0,2026-07-20,2026-07-21,False,False,5.0,2026-07-21T15:46:38+05:30
JMFINANCIL,123.95,TOUCHED,0.07,above,124.04,123.95,123.89,123.95,123.84,0.091,10.7,0.045,0,2026-07-20,2026-07-21,False,False,5.0,2026-07-21T15:46:38+05:30
CUB,224.87,TOUCHED,2.21,above,229.83,224.87,224.76,224.87,224.65,0.099,11.0,0.034,0,2026-07-20,2026-07-21,False,False,5.0,2026-07-21T15:46:38+05:30
ASTERDM,815.48,TOUCHED,-0.25,below,813.45,815.48,815.82,816.15,815.48,0.082,11.2,0.03,0,2026-07-20,2026-07-21,False,False,5.0,2026-07-21T15:46:38+05:30
HDBFS,728.28,TOUCHED,-1.05,below,720.6,728.28,728.47,728.65,728.28,0.05,11.5,0.021,0,2026-07-20,2026-07-21,False,False,5.0,2026-07-21T15:46:38+05:30
MOTHERSON,143.19,TOUCHED,1.42,above,145.22,143.19,143.13,143.19,143.07,0.082,11.5,0.033,0,2026-07-20,2026-07-21,False,False,5.0,2026-07-21T15:46:38+05:30
AMBUJACEM,437.59,TOUCHED,0.74,above,440.85,437.59,437.38,437.59,437.18,0.095,11.8,0.037,0,2026-07-20,2026-07-21,False,False,5.0,2026-07-21T15:46:38+05:30
BAJAJHFL,86.00,TOUCHED,0.2,above,86.17,86.0,85.97,86.0,85.94,0.066,12.1,0.025,0,2026-07-20,2026-07-21,False,False,5.0,2026-07-21T15:46:38+05:30
BEL,408.03,TOUCHED,0.49,above,410.05,408.03,407.92,408.03,407.8,0.057,12.1,0.026,0,2026-07-20,2026-07-21,False,False,5.0,2026-07-21T15:46:38+05:30
GRAVITA,1810.65,TOUCHED,-0.34,below,1804.5,1810.65,1811.7,1812.75,1810.65,0.116,12.1,0.031,0,2026-07-20,2026-07-21,False,False,5.0,2026-07-21T15:46:38+05:30
DOMS,2268.85,TOUCHED,0.11,above,2271.4,2268.85,2267.97,2268.85,2267.08,0.078,12.3,0.028,0,2026-07-20,2026-07-21,False,False,5.0,2026-07-21T15:46:38+05:30
IRB,19.94,TOUCHED,0.13,above,19.96,19.94,19.93,19.94,19.92,0.084,12.3,0.038,0,2026-07-20,2026-07-21,False,False,5.0,2026-07-21T15:46:38+05:30
TATAINVEST,661.17,TOUCHED,-0.64,below,656.95,661.17,661.45,661.72,661.17,0.083,12.3,0.025,0,2026-07-20,2026-07-21,False,False,5.0,2026-07-21T15:46:38+05:30
ESCORTS,2976.50,TOUCHED,-0.68,below,2956.2,2976.5,2978.13,2979.77,2976.5,0.11,12.6,0.042,0,2026-07-20,2026-07-21,False,False,5.0,2026-07-21T15:46:38+05:30
MFSL,1543.65,TOUCHED,-0.28,below,1539.4,1543.65,1544.2,1544.75,1543.65,0.071,12.6,0.019,0,2026-07-20,2026-07-21,False,False,5.0,2026-07-21T15:46:38+05:30
SJVN,69.13,TOUCHED,-0.7,below,68.65,69.13,69.17,69.2,69.13,0.096,13.2,0.027,0,2026-07-20,2026-07-21,False,False,5.0,2026-07-21T15:46:38+05:30
JSWCEMENT,140.51,TOUCHED,0.33,above,140.97,140.51,140.43,140.51,140.35,0.116,13.4,0.039,0,2026-07-20,2026-07-21,False,False,5.0,2026-07-21T15:46:38+05:30
M&M,3164.33,TOUCHED,1.18,above,3201.7,3164.33,3163.17,3164.33,3162.0,0.074,13.7,0.026,0,2026-07-20,2026-07-21,False,False,5.0,2026-07-21T15:46:38+05:30
SCI,280.85,TOUCHED,-1.41,below,276.9,280.85,281.05,281.25,280.85,0.142,14.0,0.055,0,2026-07-20,2026-07-21,False,False,5.0,2026-07-21T15:46:38+05:30
KEC,488.62,TOUCHED,0.45,above,490.8,488.62,488.33,488.62,488.04,0.119,14.2,0.027,0,2026-07-20,2026-07-21,False,False,5.0,2026-07-21T15:46:38+05:30
NH,2026.85,TOUCHED,-1.44,below,1997.7,2026.85,2027.8,2028.75,2026.85,0.094,14.5,0.036,0,2026-07-20,2026-07-21,False,False,5.0,2026-07-21T15:46:38+05:30
SYRMA,1343.95,TOUCHED,2.27,above,1374.4,1343.95,1342.9,1343.95,1341.85,0.156,14.5,0.042,0,2026-07-20,2026-07-21,False,False,5.0,2026-07-21T15:46:38+05:30
COFORGE,1508.43,TOUCHED,-0.96,below,1494.0,1508.43,1509.47,1510.5,1508.43,0.137,14.8,0.028,0,2026-07-20,2026-07-21,False,False,5.0,2026-07-21T15:46:38+05:30
JAINREC,328.42,TOUCHED,0.01,inside,328.45,328.42,328.42,328.7,328.13,0.173,15.2,0.054,0,2026-07-20,2026-07-21,False,False,5.0,2026-07-21T15:46:38+05:30
BANDHANBNK,211.47,TOUCHED,-1.25,below,208.83,211.47,211.6,211.73,211.47,0.121,15.3,0.027,0,2026-07-20,2026-07-21,False,False,5.0,2026-07-21T15:46:38+05:30
ENGINERSIN,229.16,TOUCHED,-0.45,below,228.12,229.16,229.37,229.57,229.16,0.18,15.3,0.038,0,2026-07-20,2026-07-21,False,False,5.0,2026-07-21T15:46:38+05:30
LICI,432.40,TOUCHED,-0.62,below,429.7,432.4,432.6,432.8,432.4,0.092,15.3,0.032,0,2026-07-20,2026-07-21,False,False,5.0,2026-07-21T15:46:38+05:30
TEGA,1618.62,TOUCHED,1.02,above,1635.1,1618.62,1617.63,1618.62,1616.65,0.122,15.3,0.051,0,2026-07-20,2026-07-21,False,False,5.0,2026-07-21T15:46:38+05:30
CIPLA,1442.08,TOUCHED,-0.66,below,1432.5,1442.08,1442.57,1443.05,1442.08,0.067,15.6,0.022,0,2026-07-20,2026-07-21,False,False,5.0,2026-07-21T15:46:38+05:30
NLCINDIA,296.65,TOUCHED,-0.51,below,295.15,296.65,296.9,297.15,296.65,0.168,15.9,0.051,0,2026-07-20,2026-07-21,False,False,5.0,2026-07-21T15:46:38+05:30
MGL,1091.52,TOUCHED,-0.93,below,1081.4,1091.52,1092.13,1092.75,1091.52,0.113,16.2,0.039,0,2026-07-20,2026-07-21,False,False,5.0,2026-07-21T15:46:38+05:30
PATANJALI,339.08,TOUCHED,0.35,above,340.25,339.08,338.95,339.08,338.82,0.074,16.2,0.015,0,2026-07-20,2026-07-21,False,False,5.0,2026-07-21T15:46:38+05:30
PPLPHARMA,178.76,TOUCHED,3.38,above,184.81,178.76,178.66,178.76,178.55,0.119,16.2,0.044,0,2026-07-20,2026-07-21,False,False,5.0,2026-07-21T15:46:38+05:30
ENDURANCE,2739.68,TOUCHED,0.45,above,2752.0,2739.68,2737.87,2739.68,2736.05,0.133,16.4,0.047,0,2026-07-20,2026-07-21,False,False,5.0,2026-07-21T15:46:38+05:30
SAGILITY,41.42,TOUCHED,1.03,above,41.84,41.42,41.38,41.42,41.35,0.169,16.4,0.045,0,2026-07-20,2026-07-21,False,False,5.0,2026-07-21T15:46:38+05:30
RAMCOCEM,923.68,TOUCHED,-0.64,below,917.8,923.68,924.38,925.09,923.68,0.153,16.7,0.041,0,2026-07-20,2026-07-21,False,False,5.0,2026-07-21T15:46:38+05:30
IRCON,129.32,TOUCHED,-0.2,below,129.06,129.32,129.43,129.53,129.32,0.165,17.0,0.044,0,2026-07-20,2026-07-21,False,False,5.0,2026-07-21T15:46:38+05:30
TVSMOTOR,3588.45,TOUCHED,5.67,above,3792.0,3588.45,3586.7,3588.45,3584.95,0.098,17.0,0.019,0,2026-07-20,2026-07-21,False,False,5.0,2026-07-21T15:46:38+05:30
AEGISLOG,1384.92,TOUCHED,-5.16,below,1313.5,1384.92,1385.93,1386.95,1384.92,0.147,17.3,0.033,0,2026-07-20,2026-07-21,False,False,5.0,2026-07-21T15:46:38+05:30
FINCABLES,1016.02,TOUCHED,-0.97,below,1006.2,1016.02,1016.63,1017.25,1016.02,0.121,17.3,0.019,0,2026-07-20,2026-07-21,False,False,5.0,2026-07-21T15:46:38+05:30
BLUEJET,588.92,TOUCHED,0.1,above,589.5,588.92,588.33,588.92,587.75,0.198,17.5,0.037,0,2026-07-20,2026-07-21,False,False,5.0,2026-07-21T15:46:38+05:30
HDFCLIFE,563.77,TOUCHED,-0.49,below,561.0,563.77,564.07,564.36,563.77,0.103,17.5,0.02,0,2026-07-20,2026-07-21,False,False,5.0,2026-07-21T15:46:38+05:30
TATACHEM,694.02,TOUCHED,-0.49,below,690.65,694.02,694.45,694.88,694.02,0.122,17.5,0.02,0,2026-07-20,2026-07-21,False,False,5.0,2026-07-21T15:46:38+05:30
AIAENG,4666.00,TOUCHED,0.33,above,4681.5,4666.0,4663.17,4666.0,4660.33,0.122,17.8,0.041,0,2026-07-20,2026-07-21,False,False,5.0,2026-07-21T15:46:38+05:30
TMCV,410.38,TOUCHED,0.34,above,411.75,410.38,410.03,410.38,409.69,0.167,18.0,0.022,0,2026-07-20,2026-07-21,False,False,5.0,2026-07-21T15:46:38+05:30
GODREJCP,1062.65,TOUCHED,-0.8,below,1054.2,1062.65,1063.37,1064.08,1062.65,0.135,18.9,0.035,0,2026-07-20,2026-07-21,False,False,5.0,2026-07-21T15:46:38+05:30
PCBL,326.43,TOUCHED,1.8,above,332.3,326.43,326.13,326.43,325.84,0.179,18.9,0.05,0,2026-07-20,2026-07-21,False,False,5.0,2026-07-21T15:46:38+05:30
POLICYBZR,1579.90,TOUCHED,-1.1,below,1562.5,1579.9,1581.47,1583.03,1579.9,0.198,19.2,0.039,0,2026-07-20,2026-07-21,False,False,5.0,2026-07-21T15:46:38+05:30
TTML,40.17,TOUCHED,-0.05,inside,40.15,40.17,40.17,40.21,40.14,0.174,19.2,0.046,0,2026-07-20,2026-07-21,False,False,5.0,2026-07-21T15:46:38+05:30
ADANIPORTS,1842.95,TOUCHED,0.19,above,1846.5,1842.95,1841.9,1842.95,1840.85,0.114,19.5,0.021,0,2026-07-20,2026-07-21,False,False,5.0,2026-07-21T15:46:38+05:30
FSL,266.18,TOUCHED,-0.05,inside,266.05,266.18,266.18,266.42,265.95,0.175,19.7,0.033,0,2026-07-20,2026-07-21,False,False,5.0,2026-07-21T15:46:38+05:30
ABREL,1440.48,TOUCHED,0.33,above,1445.3,1440.48,1439.17,1440.48,1437.85,0.183,20.0,0.029,0,2026-07-20,2026-07-21,False,False,5.0,2026-07-21T15:46:38+05:30
ASIANPAINT,2690.13,TOUCHED,0.08,above,2692.4,2690.13,2688.87,2690.13,2687.6,0.094,20.0,0.022,0,2026-07-20,2026-07-21,False,False,5.0,2026-07-21T15:46:38+05:30
CAPLIPOINT,2642.65,TOUCHED,-1.31,below,2608.0,2642.65,2644.83,2647.02,2642.65,0.165,20.0,0.037,0,2026-07-20,2026-07-21,False,False,5.0,2026-07-21T15:46:38+05:30
SUMICHEM,540.08,TOUCHED,0.06,above,540.4,540.08,539.52,540.08,538.95,0.21,20.0,0.041,0,2026-07-20,2026-07-21,False,False,5.0,2026-07-21T15:46:38+05:30
TENNIND,556.67,TOUCHED,2.28,above,569.35,556.67,556.1,556.67,555.52,0.207,20.4,0.012,0,2026-07-20,2026-07-21,False,False,5.0,2026-07-21T15:46:38+05:30
AWL,189.21,TOUCHED,2.49,above,193.93,189.21,189.06,189.21,188.9,0.164,20.5,0.044,0,2026-07-20,2026-07-21,False,False,5.0,2026-07-21T15:46:38+05:30
ZENSARTECH,524.77,TOUCHED,-2.07,below,513.9,524.77,525.3,525.82,524.77,0.2,20.5,0.035,0,2026-07-20,2026-07-21,False,False,5.0,2026-07-21T15:46:38+05:30
INDIACEM,392.18,TOUCHED,3.32,above,405.2,392.18,391.87,392.18,391.55,0.162,20.8,0.03,0,2026-07-20,2026-07-21,False,False,5.0,2026-07-21T15:46:38+05:30
POLYCAB,8878.08,TOUCHED,0.29,above,8903.5,8878.08,8871.17,8878.08,8864.25,0.156,20.8,0.045,0,2026-07-20,2026-07-21,False,False,5.0,2026-07-21T15:46:38+05:30
CRISIL,4230.38,TOUCHED,1.7,above,4302.4,4230.38,4226.97,4230.38,4223.55,0.162,21.1,0.049,0,2026-07-20,2026-07-21,False,False,5.0,2026-07-21T15:46:38+05:30
GILLETTE,7832.00,TOUCHED,0.94,above,7906.0,7832.0,7826.67,7832.0,7821.33,0.136,21.1,0.036,0,2026-07-20,2026-07-21,False,False,5.0,2026-07-21T15:46:38+05:30
KAJARIACER,1243.23,TOUCHED,-1.12,below,1229.3,1243.23,1244.27,1245.3,1243.23,0.166,21.4,0.029,0,2026-07-20,2026-07-21,False,False,5.0,2026-07-21T15:46:38+05:30
WOCKPHARMA,1916.00,TOUCHED,-1.03,below,1896.3,1916.0,1918.47,1920.93,1916.0,0.257,21.4,0.059,0,2026-07-20,2026-07-21,False,False,5.0,2026-07-21T15:46:38+05:30
CHOLAHLDNG,1554.75,TOUCHED,-0.29,below,1550.2,1554.75,1556.2,1557.65,1554.75,0.186,21.9,0.026,0,2026-07-20,2026-07-21,False,False,5.0,2026-07-21T15:46:38+05:30
BSOFT,290.70,TOUCHED,-1.69,below,285.8,290.7,290.92,291.13,290.7,0.149,22.2,0.035,0,2026-07-20,2026-07-21,False,False,5.0,2026-07-21T15:46:38+05:30
CLEAN,731.75,TOUCHED,3.39,above,756.55,731.75,731.1,731.75,730.45,0.178,22.2,0.026,0,2026-07-20,2026-07-21,False,False,5.0,2026-07-21T15:46:38+05:30
RADICO,4135.10,TOUCHED,-1.13,below,4088.4,4135.1,4137.8,4140.5,4135.1,0.131,22.2,0.018,0,2026-07-20,2026-07-21,False,False,5.0,2026-07-21T15:46:38+05:30
ABLBL,95.06,TOUCHED,-0.18,below,94.89,95.06,95.16,95.26,95.06,0.21,22.4,0.054,0,2026-07-20,2026-07-21,False,False,5.0,2026-07-21T15:46:38+05:30
MAZDOCK,2344.00,TOUCHED,0.43,above,2354.1,2344.0,2341.5,2344.0,2339.0,0.214,22.5,0.045,0,2026-07-20,2026-07-21,False,False,5.0,2026-07-21T15:46:38+05:30
NCC,139.98,TOUCHED,-0.49,below,139.3,139.98,140.1,140.22,139.98,0.174,22.5,0.027,0,2026-07-20,2026-07-21,False,False,5.0,2026-07-21T15:46:38+05:30
PERSISTENT,5202.00,TOUCHED,0.33,above,5219.0,5202.0,5197.57,5202.0,5193.13,0.171,22.7,0.018,0,2026-07-20,2026-07-21,False,False,5.0,2026-07-21T15:46:38+05:30
PFIZER,4574.43,TOUCHED,0.41,above,4593.3,4574.43,4570.97,4574.43,4567.5,0.152,23.3,0.023,0,2026-07-20,2026-07-21,False,False,5.0,2026-07-21T15:46:38+05:30
ZYDUSWELL,600.65,TOUCHED,-1.4,below,592.25,600.65,601.27,601.88,600.65,0.205,23.3,0.034,0,2026-07-20,2026-07-21,False,False,5.0,2026-07-21T15:46:38+05:30
RAILTEL,295.03,TOUCHED,-0.3,below,294.15,295.03,295.37,295.7,295.03,0.226,23.6,0.049,0,2026-07-20,2026-07-21,False,False,5.0,2026-07-21T15:46:38+05:30
WHIRLPOOL,774.32,TOUCHED,-0.6,below,769.7,774.32,775.08,775.85,774.32,0.198,23.6,0.043,0,2026-07-20,2026-07-21,False,False,5.0,2026-07-21T15:46:38+05:30
SWANCORP,311.88,TOUCHED,-0.55,below,310.15,311.88,312.3,312.73,311.88,0.272,24.1,0.037,0,2026-07-20,2026-07-21,False,False,5.0,2026-07-21T15:46:38+05:30
BLS,235.28,TOUCHED,-0.06,inside,235.15,235.28,235.28,235.57,235.0,0.241,24.7,0.032,0,2026-07-20,2026-07-21,False,False,5.0,2026-07-21T15:46:38+05:30
DABUR,426.84,TOUCHED,-0.17,below,426.1,426.84,427.18,427.53,426.84,0.16,24.7,0.035,0,2026-07-20,2026-07-21,False,False,5.0,2026-07-21T15:46:38+05:30
IREDA,121.44,TOUCHED,-0.24,below,121.15,121.44,121.57,121.7,121.44,0.214,24.7,0.051,0,2026-07-20,2026-07-21,False,False,5.0,2026-07-21T15:46:38+05:30
GICRE,361.12,TOUCHED,0.17,above,361.75,361.12,360.83,361.12,360.54,0.162,24.9,0.032,0,2026-07-20,2026-07-21,False,False,5.0,2026-07-21T15:46:38+05:30
NMDC,84.01,TOUCHED,-0.09,inside,83.93,84.01,84.01,84.08,83.93,0.186,25.5,0.028,0,2026-07-20,2026-07-21,False,False,5.0,2026-07-21T15:46:38+05:30
MUTHOOTFIN,2992.25,TOUCHED,2.9,above,3079.0,2992.25,2989.1,2992.25,2985.95,0.211,25.8,0.04,0,2026-07-20,2026-07-21,False,False,5.0,2026-07-21T15:46:38+05:30
BAYERCROP,4257.32,TOUCHED,2.21,above,4351.4,4257.32,4253.73,4257.32,4250.15,0.168,26.3,0.031,0,2026-07-20,2026-07-21,False,False,5.0,2026-07-21T15:46:38+05:30
DRREDDY,1220.45,TOUCHED,-1.18,below,1206.0,1220.45,1221.33,1222.22,1220.45,0.145,26.3,0.017,0,2026-07-20,2026-07-21,False,False,5.0,2026-07-21T15:46:38+05:30
HINDZINC,524.30,TOUCHED,1.93,above,534.4,524.3,523.75,524.3,523.2,0.21,27.1,0.038,0,2026-07-20,2026-07-21,False,False,5.0,2026-07-21T15:46:38+05:30
APARINDS,13839.00,TOUCHED,0.01,inside,13841.0,13839.0,13839.0,13861.0,13817.0,0.318,27.4,0.049,0,2026-07-20,2026-07-21,False,False,5.0,2026-07-21T15:46:38+05:30
MMTC,63.37,TOUCHED,-0.06,below,63.33,63.37,63.47,63.56,63.37,0.305,27.4,0.051,0,2026-07-20,2026-07-21,False,False,5.0,2026-07-21T15:46:38+05:30
SOBHA,1457.18,TOUCHED,-0.06,below,1456.3,1457.18,1458.67,1460.15,1457.18,0.203,27.4,0.028,0,2026-07-20,2026-07-21,False,False,5.0,2026-07-21T15:46:38+05:30
JKTYRE,400.25,TOUCHED,-0.4,below,398.65,400.25,400.83,401.42,400.25,0.291,27.7,0.045,0,2026-07-20,2026-07-21,False,False,5.0,2026-07-21T15:46:38+05:30
ZENTEC,1757.00,TOUCHED,3.51,above,1818.7,1757.0,1754.6,1757.0,1752.2,0.274,27.7,0.017,0,2026-07-20,2026-07-21,False,False,5.0,2026-07-21T15:46:38+05:30
APOLLOHOSP,8898.58,TOUCHED,0.31,above,8926.5,8898.58,8892.17,8898.58,8885.75,0.144,27.9,0.018,0,2026-07-20,2026-07-21,False,False,5.0,2026-07-21T15:46:38+05:30
SAPPHIRE,181.87,TOUCHED,0.39,above,182.58,181.87,181.63,181.87,181.39,0.264,27.9,0.045,0,2026-07-20,2026-07-21,False,False,5.0,2026-07-21T15:46:38+05:30
ATHERENERG,1298.88,TOUCHED,-0.81,below,1288.4,1298.88,1301.07,1303.25,1298.88,0.336,28.1,0.063,0,2026-07-20,2026-07-21,False,False,5.0,2026-07-21T15:46:38+05:30
GMDCLTD,579.65,TOUCHED,0.11,inside,580.3,579.65,579.65,580.8,578.5,0.397,28.2,0.058,0,2026-07-20,2026-07-21,False,False,5.0,2026-07-21T15:46:38+05:30
TRAVELFOOD,1300.77,TOUCHED,-0.02,inside,1300.5,1300.77,1300.77,1302.48,1299.05,0.264,28.7,0.031,0,2026-07-20,2026-07-21,False,False,5.0,2026-07-21T15:46:38+05:30
DMART,3971.70,TOUCHED,0.1,above,3975.6,3971.7,3967.9,3971.7,3964.1,0.192,28.8,0.028,0,2026-07-20,2026-07-21,False,False,5.0,2026-07-21T15:46:38+05:30
IRCTC,503.35,TOUCHED,-0.71,below,499.8,503.35,503.82,504.28,503.35,0.185,28.8,0.034,0,2026-07-20,2026-07-21,False,False,5.0,2026-07-21T15:46:38+05:30
PRESTIGE,1675.70,TOUCHED,1.86,above,1706.9,1675.7,1673.5,1675.7,1671.3,0.263,28.8,0.055,0,2026-07-20,2026-07-21,False,False,5.0,2026-07-21T15:46:38+05:30
WIPRO,176.53,TOUCHED,-0.88,below,174.97,176.53,176.68,176.83,176.53,0.168,28.8,0.013,0,2026-07-20,2026-07-21,False,False,5.0,2026-07-21T15:46:38+05:30
GPIL,245.10,TOUCHED,0.39,above,246.05,245.1,244.77,245.1,244.43,0.272,29.0,0.033,0,2026-07-20,2026-07-21,False,False,5.0,2026-07-21T15:46:38+05:30
HBLENGINE,731.65,TOUCHED,-0.36,below,729.05,731.65,732.65,733.65,731.65,0.273,29.0,0.037,0,2026-07-20,2026-07-21,False,False,5.0,2026-07-21T15:46:38+05:30
LALPATHLAB,1699.10,TOUCHED,0.06,above,1700.1,1699.1,1697.17,1699.1,1695.23,0.228,29.0,0.044,0,2026-07-20,2026-07-21,False,False,5.0,2026-07-21T15:46:38+05:30
FORTIS,954.45,TOUCHED,1.52,above,969.0,954.45,953.37,954.45,952.28,0.227,29.3,0.034,0,2026-07-20,2026-07-21,False,False,5.0,2026-07-21T15:46:38+05:30
NAM-INDIA,1178.35,TOUCHED,-0.97,below,1166.9,1178.35,1179.97,1181.58,1178.35,0.274,29.3,0.035,0,2026-07-20,2026-07-21,False,False,5.0,2026-07-21T15:46:38+05:30
ADANIENSOL,1726.98,TOUCHED,0.85,above,1741.6,1726.98,1724.47,1726.98,1721.95,0.292,29.6,0.03,0,2026-07-20,2026-07-21,False,False,5.0,2026-07-21T15:46:38+05:30
LTFOODS,383.73,TOUCHED,-0.97,below,380.0,383.73,384.27,384.81,383.73,0.282,29.9,0.036,0,2026-07-20,2026-07-21,False,False,5.0,2026-07-21T15:46:38+05:30
3MINDIA,35173.33,TOUCHED,-0.01,inside,35170.0,35173.33,35173.33,35206.67,35140.0,0.19,30.4,0.029,0,2026-07-20,2026-07-21,False,False,5.0,2026-07-21T15:46:38+05:30
GLENMARK,2242.22,TOUCHED,-0.01,below,2242.1,2242.22,2244.93,2247.65,2242.22,0.242,30.4,0.033,0,2026-07-20,2026-07-21,False,False,5.0,2026-07-21T15:46:38+05:30
ABB,7509.75,TOUCHED,0.3,above,7532.0,7509.75,7502.5,7509.75,7495.25,0.193,30.7,0.028,0,2026-07-20,2026-07-21,False,False,5.0,2026-07-21T15:46:38+05:30
DIVISLAB,7331.33,TOUCHED,-0.02,inside,7330.0,7331.33,7331.33,7338.0,7324.67,0.182,30.7,0.024,0,2026-07-20,2026-07-21,False,False,5.0,2026-07-21T15:46:38+05:30
LGEINDIA,1571.60,TOUCHED,-0.52,below,1563.5,1571.6,1573.2,1574.8,1571.6,0.203,30.9,0.008,0,2026-07-20,2026-07-21,False,False,5.0,2026-07-21T15:46:38+05:30
COCHINSHIP,1403.50,TOUCHED,0.13,inside,1405.3,1403.5,1403.5,1405.55,1401.45,0.292,31.0,0.041,0,2026-07-20,2026-07-21,False,False,5.0,2026-07-21T15:46:38+05:30
TEJASNET,540.75,TOUCHED,-0.63,below,537.35,540.75,541.63,542.52,540.75,0.326,31.0,0.042,0,2026-07-20,2026-07-21,False,False,5.0,2026-07-21T15:46:38+05:30
ZEEL,107.66,TOUCHED,-0.08,inside,107.58,107.66,107.66,107.83,107.5,0.3,31.0,0.038,0,2026-07-20,2026-07-21,False,False,5.0,2026-07-21T15:46:38+05:30
ABDL,622.70,TOUCHED,-0.53,below,619.4,622.7,623.92,625.13,622.7,0.39,31.2,0.075,0,2026-07-20,2026-07-21,False,False,5.0,2026-07-21T15:46:38+05:30
OBEROIRLTY,1880.47,TOUCHED,0.23,above,1884.8,1880.47,1878.23,1880.47,1876.0,0.238,31.2,0.048,0,2026-07-20,2026-07-21,False,False,5.0,2026-07-21T15:46:38+05:30
TIMKEN,3133.53,TOUCHED,-1.28,below,3093.3,3133.53,3137.57,3141.6,3133.53,0.257,31.2,0.05,0,2026-07-20,2026-07-21,False,False,5.0,2026-07-21T15:46:38+05:30
M&MFIN,322.13,TOUCHED,8.6,above,349.85,322.13,321.72,322.13,321.3,0.259,31.5,0.046,0,2026-07-20,2026-07-21,False,False,5.0,2026-07-21T15:46:38+05:30
IGIL,343.70,TOUCHED,0.49,above,345.4,343.7,343.18,343.7,342.67,0.301,32.1,0.028,0,2026-07-20,2026-07-21,False,False,5.0,2026-07-21T15:46:38+05:30
TATAELXSI,3525.90,TOUCHED,-1.82,below,3461.6,3525.9,3529.5,3533.1,3525.9,0.204,32.1,0.033,0,2026-07-20,2026-07-21,False,False,5.0,2026-07-21T15:46:38+05:30
INTELLECT,755.50,TOUCHED,0.51,above,759.35,755.5,754.15,755.5,752.8,0.358,32.3,0.042,0,2026-07-20,2026-07-21,False,False,5.0,2026-07-21T15:46:38+05:30
AFFLE,1516.23,TOUCHED,0.87,above,1529.4,1516.23,1514.17,1516.23,1512.1,0.273,32.6,0.028,0,2026-07-20,2026-07-21,False,False,5.0,2026-07-21T15:46:38+05:30
JUBLPHARMA,1019.52,TOUCHED,-1.15,below,1007.8,1019.52,1020.97,1022.41,1019.52,0.282,32.6,0.023,0,2026-07-20,2026-07-21,False,False,5.0,2026-07-21T15:46:38+05:30
ACUTAAS,3649.70,TOUCHED,0.75,above,3677.0,3649.7,3643.2,3649.7,3636.7,0.357,32.9,0.036,0,2026-07-20,2026-07-21,False,False,5.0,2026-07-21T15:46:38+05:30
CEMPRO,1623.83,TOUCHED,0.97,above,1639.6,1623.83,1620.67,1623.83,1617.5,0.391,32.9,0.04,0,2026-07-20,2026-07-21,False,False,5.0,2026-07-21T15:46:38+05:30
INDHOTEL,724.22,TOUCHED,1.02,above,731.6,724.22,723.4,724.22,722.58,0.228,32.9,0.019,0,2026-07-20,2026-07-21,False,False,5.0,2026-07-21T15:46:38+05:30
IRFC,88.40,TOUCHED,-0.1,below,88.31,88.4,88.5,88.61,88.4,0.245,32.9,0.035,0,2026-07-20,2026-07-21,False,False,5.0,2026-07-21T15:46:38+05:30
LT,3835.37,TOUCHED,0.29,above,3846.6,3835.37,3831.93,3835.37,3828.5,0.179,32.9,0.024,0,2026-07-20,2026-07-21,False,False,5.0,2026-07-21T15:46:38+05:30
MAXHEALTH,1099.37,TOUCHED,0.09,inside,1100.4,1099.37,1099.37,1100.88,1097.85,0.276,32.9,0.037,0,2026-07-20,2026-07-21,False,False,5.0,2026-07-21T15:46:38+05:30
CCL,1199.60,TOUCHED,0.47,above,1205.2,1199.6,1198.1,1199.6,1196.6,0.25,33.4,0.013,0,2026-07-20,2026-07-21,False,False,5.0,2026-07-21T15:46:38+05:30
RAINBOW,1485.27,TOUCHED,-0.11,inside,1483.7,1485.27,1485.27,1487.04,1483.51,0.237,33.4,0.031,0,2026-07-20,2026-07-21,False,False,5.0,2026-07-21T15:46:38+05:30
TECHNOE,1019.00,TOUCHED,0.18,above,1020.8,1019.0,1017.2,1019.0,1015.4,0.354,33.4,0.052,0,2026-07-20,2026-07-21,False,False,5.0,2026-07-21T15:46:38+05:30
GLAND,2468.50,TOUCHED,0.56,above,2482.4,2468.5,2465.37,2468.5,2462.23,0.254,33.7,0.04,0,2026-07-20,2026-07-21,False,False,5.0,2026-07-21T15:46:38+05:30
JINDALSAW,264.68,TOUCHED,-0.92,below,262.25,264.68,265.1,265.53,264.68,0.321,33.7,0.043,0,2026-07-20,2026-07-21,False,False,5.0,2026-07-21T15:46:38+05:30
ONGC,250.03,TOUCHED,-0.05,inside,249.89,250.03,250.03,250.25,249.8,0.179,33.7,0.03,0,2026-07-20,2026-07-21,False,False,5.0,2026-07-21T15:46:38+05:30
TIINDIA,2882.50,TOUCHED,0.93,above,2909.3,2882.5,2878.1,2882.5,2873.7,0.306,34.2,0.038,0,2026-07-20,2026-07-21,False,False,5.0,2026-07-21T15:46:38+05:30
UTIAMC,931.25,TOUCHED,-1.3,below,919.1,931.25,932.65,934.05,931.25,0.3,34.2,0.043,0,2026-07-20,2026-07-21,False,False,5.0,2026-07-21T15:46:38+05:30
BAJAJFINSV,1859.40,TOUCHED,2.22,above,1900.6,1859.4,1857.3,1859.4,1855.2,0.226,34.5,0.02,0,2026-07-20,2026-07-21,False,False,5.0,2026-07-21T15:46:38+05:30
SCHAEFFLER,4169.75,TOUCHED,0.25,above,4180.1,4169.75,4164.9,4169.75,4160.05,0.233,34.5,0.037,0,2026-07-20,2026-07-21,False,False,5.0,2026-07-21T15:46:38+05:30
DEEPAKFERT,1602.65,TOUCHED,0.25,above,1606.7,1602.65,1600.2,1602.65,1597.75,0.306,34.8,0.044,0,2026-07-20,2026-07-21,False,False,5.0,2026-07-21T15:46:38+05:30
GRAPHITE,634.78,TOUCHED,0.15,inside,635.75,634.78,634.78,635.89,633.67,0.349,35.1,0.024,0,2026-07-20,2026-07-21,False,False,5.0,2026-07-21T15:46:38+05:30
COROMANDEL,2031.00,TOUCHED,1.15,above,2054.3,2031.0,2027.47,2031.0,2023.93,0.349,35.6,0.04,0,2026-07-20,2026-07-21,False,False,5.0,2026-07-21T15:46:38+05:30
AUROPHARMA,1557.77,TOUCHED,1.41,above,1579.7,1557.77,1555.93,1557.77,1554.1,0.236,36.2,0.038,0,2026-07-20,2026-07-21,False,False,5.0,2026-07-21T15:46:38+05:30
ECLERX,1889.60,TOUCHED,1.82,above,1924.0,1889.6,1885.57,1889.6,1881.53,0.428,36.2,0.039,0,2026-07-20,2026-07-21,False,False,5.0,2026-07-21T15:46:38+05:30
JSWDULUX,3007.18,TOUCHED,-0.83,below,2982.3,3007.18,3010.87,3014.55,3007.18,0.245,36.2,0.022,0,2026-07-20,2026-07-21,False,False,5.0,2026-07-21T15:46:38+05:30
CHOICEIN,814.02,TOUCHED,0.35,above,816.9,814.02,812.98,814.02,811.95,0.254,36.4,0.026,0,2026-07-20,2026-07-21,False,False,5.0,2026-07-21T15:46:38+05:30
POWERINDIA,32225.00,TOUCHED,-0.12,below,32185.0,32225.0,32296.67,32368.33,32225.0,0.444,36.4,0.051,0,2026-07-20,2026-07-21,False,False,5.0,2026-07-21T15:46:38+05:30
GODIGIT,282.02,TOUCHED,1.07,above,285.05,282.02,281.65,282.02,281.27,0.266,36.7,0.031,0,2026-07-20,2026-07-21,False,False,5.0,2026-07-21T15:46:38+05:30
KAYNES,3336.25,TOUCHED,-1.92,below,3272.1,3336.25,3343.7,3351.15,3336.25,0.446,36.7,0.049,0,2026-07-20,2026-07-21,False,False,5.0,2026-07-21T15:46:38+05:30
ASHOKLEY,154.17,TOUCHED,-0.15,below,153.94,154.17,154.38,154.59,154.17,0.274,37.3,0.032,0,2026-07-20,2026-07-21,False,False,5.0,2026-07-21T15:46:38+05:30
GRSE,2579.50,TOUCHED,1.56,above,2619.7,2579.5,2573.57,2579.5,2567.63,0.461,37.5,0.067,0,2026-07-20,2026-07-21,False,False,5.0,2026-07-21T15:46:38+05:30
PETRONET,274.70,TOUCHED,0.71,above,276.65,274.7,274.35,274.7,274.0,0.255,37.5,0.025,0,2026-07-20,2026-07-21,False,False,5.0,2026-07-21T15:46:38+05:30
SHREECEM,26820.83,TOUCHED,1.58,above,27245.0,26820.83,26791.67,26820.83,26762.5,0.218,37.5,0.013,0,2026-07-20,2026-07-21,False,False,5.0,2026-07-21T15:46:38+05:30
AFCONS,294.75,TOUCHED,-1.63,below,289.95,294.75,295.15,295.55,294.75,0.271,37.8,0.024,0,2026-07-20,2026-07-21,False,False,5.0,2026-07-21T15:46:38+05:30
COALINDIA,430.82,TOUCHED,0.1,above,431.25,430.82,430.35,430.82,429.87,0.221,37.8,0.023,0,2026-07-20,2026-07-21,False,False,5.0,2026-07-21T15:46:38+05:30
IFCI,72.81,TOUCHED,0.08,inside,72.87,72.81,72.81,72.97,72.65,0.439,38.1,0.102,0,2026-07-20,2026-07-21,False,False,5.0,2026-07-21T15:46:38+05:30
IDEA,13.54,TOUCHED,-0.37,below,13.49,13.54,13.57,13.6,13.54,0.442,38.4,0.046,0,2026-07-20,2026-07-21,False,False,5.0,2026-07-21T15:46:38+05:30
JBMA,667.20,TOUCHED,-0.05,below,666.85,667.2,668.4,669.6,667.2,0.359,38.4,0.033,0,2026-07-20,2026-07-21,False,False,5.0,2026-07-21T15:46:38+05:30
OLAELEC,39.29,TOUCHED,-1.45,below,38.72,39.29,39.4,39.5,39.29,0.55,38.4,0.073,0,2026-07-20,2026-07-21,False,False,5.0,2026-07-21T15:46:38+05:30
PTCIL,17939.00,TOUCHED,-0.48,below,17853.0,17939.0,17969.33,17999.67,17939.0,0.338,38.4,0.031,0,2026-07-20,2026-07-21,False,False,5.0,2026-07-21T15:46:38+05:30
GLAXO,2479.63,TOUCHED,1.09,above,2506.6,2479.63,2476.17,2479.63,2472.7,0.28,38.6,0.026,0,2026-07-20,2026-07-21,False,False,5.0,2026-07-21T15:46:38+05:30
TRIDENT,25.34,TOUCHED,-0.95,below,25.1,25.34,25.37,25.4,25.34,0.25,38.6,0.026,0,2026-07-20,2026-07-21,False,False,5.0,2026-07-21T15:46:38+05:30
CREDITACC,1495.03,TOUCHED,2.65,above,1534.7,1495.03,1492.07,1495.03,1489.1,0.398,38.9,0.033,0,2026-07-20,2026-07-21,False,False,5.0,2026-07-21T15:46:38+05:30
LICHSGFIN,550.50,TOUCHED,-0.35,below,548.6,550.5,551.15,551.8,550.5,0.236,38.9,0.021,0,2026-07-20,2026-07-21,False,False,5.0,2026-07-21T15:46:38+05:30
SBILIFE,1822.73,TOUCHED,0.28,above,1827.9,1822.73,1820.97,1822.73,1819.2,0.194,38.9,0.017,0,2026-07-20,2026-07-21,False,False,5.0,2026-07-21T15:46:38+05:30
EXIDEIND,438.48,TOUCHED,1.13,above,443.45,438.48,437.87,438.48,437.26,0.278,39.2,0.027,0,2026-07-20,2026-07-21,False,False,5.0,2026-07-21T15:46:38+05:30
GODFRYPHLP,2128.97,TOUCHED,0.15,above,2132.2,2128.97,2124.43,2128.97,2119.9,0.427,39.2,0.041,0,2026-07-20,2026-07-21,False,False,5.0,2026-07-21T15:46:38+05:30
HINDALCO,950.95,TOUCHED,0.05,above,951.4,950.95,949.9,950.95,948.85,0.221,39.5,0.013,0,2026-07-20,2026-07-21,False,False,5.0,2026-07-21T15:46:38+05:30
ICICIGI,1619.57,TOUCHED,0.27,above,1624.0,1619.57,1617.53,1619.57,1615.5,0.251,39.7,0.024,0,2026-07-20,2026-07-21,False,False,5.0,2026-07-21T15:46:38+05:30
UNOMINDA,1148.20,TOUCHED,-0.07,below,1147.4,1148.2,1150.27,1152.33,1148.2,0.359,40.3,0.05,0,2026-07-20,2026-07-21,False,False,5.0,2026-07-21T15:46:38+05:30
ANGELONE,324.12,TOUCHED,-0.69,below,321.9,324.12,324.9,325.67,324.12,0.476,40.5,0.036,0,2026-07-20,2026-07-21,False,False,5.0,2026-07-21T15:46:38+05:30
ACC,1379.97,TOUCHED,0.57,above,1387.8,1379.97,1378.53,1379.97,1377.1,0.208,41.4,0.033,0,2026-07-20,2026-07-21,False,False,5.0,2026-07-21T15:46:38+05:30
BRIGADE,562.68,TOUCHED,0.98,above,568.2,562.68,561.57,562.68,560.45,0.398,41.6,0.018,0,2026-07-20,2026-07-21,False,False,5.0,2026-07-21T15:46:38+05:30
KEI,4920.75,TOUCHED,1.09,above,4974.5,4920.75,4913.0,4920.75,4905.25,0.315,41.6,0.029,0,2026-07-20,2026-07-21,False,False,5.0,2026-07-21T15:46:38+05:30
MAHABANK,80.39,TOUCHED,1.69,above,81.75,80.39,80.26,80.39,80.12,0.328,42.2,0.034,0,2026-07-20,2026-07-21,False,False,5.0,2026-07-21T15:46:38+05:30
CIEINDIA,474.53,TOUCHED,-0.39,below,472.7,474.53,475.27,476.0,474.53,0.309,42.5,0.029,0,2026-07-20,2026-07-21,False,False,5.0,2026-07-21T15:46:38+05:30
INDIAMART,1924.20,TOUCHED,-0.32,below,1918.0,1924.2,1927.1,1930.0,1924.2,0.301,42.7,0.025,0,2026-07-20,2026-07-21,False,False,5.0,2026-07-21T15:46:38+05:30
PGEL,616.08,TOUCHED,-0.96,below,610.15,616.08,617.68,619.29,616.08,0.521,42.7,0.05,0,2026-07-20,2026-07-21,False,False,5.0,2026-07-21T15:46:38+05:30
PARADEEP,139.40,TOUCHED,0.32,above,139.84,139.4,139.01,139.4,138.62,0.561,43.3,0.045,0,2026-07-20,2026-07-21,False,False,5.0,2026-07-21T15:46:38+05:30
AIIL,556.20,TOUCHED,0.42,above,558.55,556.2,554.78,556.2,553.37,0.511,43.8,0.069,0,2026-07-20,2026-07-21,False,False,5.0,2026-07-21T15:46:38+05:30
CROMPTON,260.88,TOUCHED,-0.95,below,258.4,260.88,261.28,261.69,260.88,0.313,43.8,0.025,0,2026-07-20,2026-07-21,False,False,5.0,2026-07-21T15:46:38+05:30
ABFRL,57.51,TOUCHED,-0.17,inside,57.41,57.51,57.51,57.62,57.39,0.394,44.1,0.024,0,2026-07-20,2026-07-21,False,False,5.0,2026-07-21T15:46:38+05:30
NATIONALUM,343.62,TOUCHED,-0.21,below,342.9,343.62,344.35,345.07,343.62,0.421,44.1,0.036,0,2026-07-20,2026-07-21,False,False,5.0,2026-07-21T15:46:38+05:30
TMPV,335.03,TOUCHED,-0.37,below,333.8,335.03,335.5,335.98,335.03,0.283,44.7,0.02,0,2026-07-20,2026-07-21,False,False,5.0,2026-07-21T15:46:38+05:30
NEULANDLAB,18853.67,TOUCHED,0.22,inside,18895.0,18853.67,18853.67,18901.33,18806.0,0.506,44.9,0.03,0,2026-07-20,2026-07-21,False,False,5.0,2026-07-21T15:46:38+05:30
NEWGEN,555.62,TOUCHED,-1.68,below,546.3,555.62,556.9,558.18,555.62,0.458,44.9,0.031,0,2026-07-20,2026-07-21,False,False,5.0,2026-07-21T15:46:38+05:30
RVNL,225.50,TOUCHED,-0.11,below,225.26,225.5,225.96,226.41,225.5,0.404,44.9,0.032,0,2026-07-20,2026-07-21,False,False,5.0,2026-07-21T15:46:38+05:30
PIRAMALFIN,2152.92,TOUCHED,1.38,above,2182.6,2152.92,2148.23,2152.92,2143.55,0.436,45.1,0.052,0,2026-07-20,2026-07-21,False,False,5.0,2026-07-21T15:46:38+05:30
AJANTPHARM,3462.77,TOUCHED,3.25,above,3575.3,3462.77,3456.53,3462.77,3450.3,0.361,45.2,0.036,0,2026-07-20,2026-07-21,False,False,5.0,2026-07-21T15:46:38+05:30
BALKRISIND,2058.17,TOUCHED,-1.0,below,2037.6,2058.17,2061.13,2064.1,2058.17,0.288,45.2,0.026,0,2026-07-20,2026-07-21,False,False,5.0,2026-07-21T15:46:38+05:30
LEMONTREE,111.02,TOUCHED,-0.06,below,110.95,111.02,111.22,111.43,111.02,0.366,45.5,0.029,0,2026-07-20,2026-07-21,False,False,5.0,2026-07-21T15:46:38+05:30
CHOLAFIN,1772.30,TOUCHED,-0.76,below,1758.8,1772.3,1775.57,1778.83,1772.3,0.368,46.3,0.034,0,2026-07-20,2026-07-21,False,False,5.0,2026-07-21T15:46:38+05:30
EMMVEE,337.22,TOUCHED,-2.93,below,327.35,337.22,338.3,339.38,337.22,0.636,46.4,0.042,0,2026-07-20,2026-07-21,False,False,5.0,2026-07-21T15:46:38+05:30
APLAPOLLO,1811.38,TOUCHED,0.45,above,1819.6,1811.38,1808.47,1811.38,1805.55,0.323,46.6,0.017,0,2026-07-20,2026-07-21,False,False,5.0,2026-07-21T15:46:38+05:30
HINDCOPPER,485.77,TOUCHED,1.37,above,492.45,485.77,484.53,485.77,483.29,0.513,46.6,0.032,0,2026-07-20,2026-07-21,False,False,5.0,2026-07-21T15:46:38+05:30
MOTILALOFS,965.67,TOUCHED,-0.1,below,964.75,965.67,968.17,970.66,965.67,0.515,46.6,0.045,0,2026-07-20,2026-07-21,False,False,5.0,2026-07-21T15:46:38+05:30
NBCC,97.36,TOUCHED,-0.58,below,96.8,97.36,97.61,97.86,97.36,0.512,46.6,0.042,0,2026-07-20,2026-07-21,False,False,5.0,2026-07-21T15:46:38+05:30
SBICARD,645.98,TOUCHED,-0.14,below,645.05,645.98,647.0,648.02,645.98,0.317,46.6,0.029,0,2026-07-20,2026-07-21,False,False,5.0,2026-07-21T15:46:38+05:30
HDFCAMC,2631.00,TOUCHED,-1.9,below,2581.1,2631.0,2635.63,2640.27,2631.0,0.352,47.1,0.025,0,2026-07-20,2026-07-21,False,False,5.0,2026-07-21T15:46:38+05:30
ADANIGREEN,1526.30,TOUCHED,1.02,above,1541.9,1526.3,1522.6,1526.3,1518.9,0.486,47.4,0.045,0,2026-07-20,2026-07-21,False,False,5.0,2026-07-21T15:46:38+05:30
BIOCON,439.03,TOUCHED,0.29,above,440.3,439.03,438.18,439.03,437.34,0.384,47.4,0.034,0,2026-07-20,2026-07-21,False,False,5.0,2026-07-21T15:46:38+05:30
RBLBANK,366.93,TOUCHED,0.07,inside,367.2,366.93,366.93,367.69,366.18,0.413,47.7,0.032,0,2026-07-20,2026-07-21,False,False,5.0,2026-07-21T15:46:38+05:30
SIEMENS,3665.13,TOUCHED,0.07,inside,3667.8,3665.13,3665.13,3671.77,3658.5,0.362,47.7,0.026,0,2026-07-20,2026-07-21,False,False,5.0,2026-07-21T15:46:38+05:30
LTM,4091.60,TOUCHED,-1.09,below,4047.1,4091.6,4099.3,4107.0,4091.6,0.376,47.9,0.032,0,2026-07-20,2026-07-21,False,False,5.0,2026-07-21T15:46:38+05:30
CONCORDBIO,1338.48,TOUCHED,-0.69,below,1329.2,1338.48,1341.97,1345.45,1338.48,0.519,48.5,0.022,0,2026-07-20,2026-07-21,False,False,5.0,2026-07-21T15:46:38+05:30
GESHIP,1383.88,TOUCHED,1.81,above,1408.9,1383.88,1380.67,1383.88,1377.45,0.466,48.5,0.043,0,2026-07-20,2026-07-21,False,False,5.0,2026-07-21T15:46:38+05:30
INOXWIND,78.85,TOUCHED,0.21,inside,79.02,78.85,78.85,79.04,78.67,0.465,48.5,0.041,0,2026-07-20,2026-07-21,False,False,5.0,2026-07-21T15:46:38+05:30
NIACL,176.45,TOUCHED,0.94,above,178.11,176.45,176.11,176.45,175.76,0.394,48.5,0.032,0,2026-07-20,2026-07-21,False,False,5.0,2026-07-21T15:46:38+05:30
SYNGENE,415.40,TOUCHED,-0.52,below,413.25,415.4,416.13,416.87,415.4,0.352,48.8,0.026,0,2026-07-20,2026-07-21,False,False,5.0,2026-07-21T15:46:38+05:30
TRITURBINE,617.98,TOUCHED,0.09,above,618.55,617.98,616.72,617.98,615.46,0.408,48.8,0.022,0,2026-07-20,2026-07-21,False,False,5.0,2026-07-21T15:46:38+05:30
DEEPAKNTR,1699.00,TOUCHED,0.55,above,1708.3,1699.0,1695.9,1699.0,1692.8,0.366,49.3,0.03,0,2026-07-20,2026-07-21,False,False,5.0,2026-07-21T15:46:38+05:30
MPHASIS,2418.37,TOUCHED,-1.58,below,2380.1,2418.37,2423.33,2428.3,2418.37,0.41,49.3,0.024,0,2026-07-20,2026-07-21,False,False,5.0,2026-07-21T15:46:38+05:30
STARHEALTH,584.75,TOUCHED,0.67,above,588.65,584.75,583.57,584.75,582.38,0.406,49.6,0.026,0,2026-07-20,2026-07-21,False,False,5.0,2026-07-21T15:46:38+05:30
MEDANTA,1328.43,TOUCHED,1.07,above,1342.6,1328.43,1325.47,1328.43,1322.5,0.448,50.1,0.028,0,2026-07-20,2026-07-21,False,False,5.0,2026-07-21T15:46:38+05:30
UPL,609.42,TOUCHED,1.43,above,618.15,609.42,608.3,609.42,607.17,0.37,50.1,0.02,0,2026-07-20,2026-07-21,False,False,5.0,2026-07-21T15:46:38+05:30
CPPLUS,3576.60,TOUCHED,-2.39,below,3491.2,3576.6,3587.3,3598.0,3576.6,0.597,50.8,0.036,0,2026-07-20,2026-07-21,False,False,5.0,2026-07-21T15:46:38+05:30
FORCEMOT,17975.67,TOUCHED,-1.67,below,17676.0,17975.67,18041.33,18107.0,17975.67,0.728,51.0,0.052,0,2026-07-20,2026-07-21,False,False,5.0,2026-07-21T15:46:38+05:30
SAIL,163.74,TOUCHED,0.2,above,164.07,163.74,163.37,163.74,163.0,0.447,51.0,0.026,0,2026-07-20,2026-07-21,False,False,5.0,2026-07-21T15:46:38+05:30
BAJAJHLDNG,10365.50,TOUCHED,0.78,above,10446.0,10365.5,10343.33,10365.5,10321.17,0.429,51.2,0.026,0,2026-07-20,2026-07-21,False,False,5.0,2026-07-21T15:46:38+05:30
HEG,592.75,TOUCHED,2.06,above,604.95,592.75,591.2,592.75,589.65,0.524,51.2,0.051,0,2026-07-20,2026-07-21,False,False,5.0,2026-07-21T15:46:38+05:30
SHRIRAMFIN,1033.27,TOUCHED,2.73,above,1061.5,1033.27,1031.13,1033.27,1029.0,0.414,51.2,0.033,0,2026-07-20,2026-07-21,False,False,5.0,2026-07-21T15:46:38+05:30
SIGNATURE,801.10,TOUCHED,-0.13,below,800.05,801.1,802.85,804.6,801.1,0.436,51.2,0.033,0,2026-07-20,2026-07-21,False,False,5.0,2026-07-21T15:46:38+05:30
BOSCHLTD,40826.67,TOUCHED,0.11,inside,40870.0,40826.67,40826.67,40893.33,40760.0,0.327,52.1,0.031,0,2026-07-20,2026-07-21,False,False,5.0,2026-07-21T15:46:38+05:30
NTPCGREEN,92.36,TOUCHED,0.19,inside,92.54,92.36,92.36,92.55,92.17,0.411,52.1,0.019,0,2026-07-20,2026-07-21,False,False,5.0,2026-07-21T15:46:38+05:30
ONESOURCE,1679.10,TOUCHED,-1.66,below,1651.2,1679.1,1684.03,1688.97,1679.1,0.586,52.3,0.052,0,2026-07-20,2026-07-21,False,False,5.0,2026-07-21T15:46:38+05:30
SWIGGY,271.40,TOUCHED,-0.43,below,270.23,271.4,272.27,273.14,271.4,0.639,52.6,0.047,0,2026-07-20,2026-07-21,False,False,5.0,2026-07-21T15:46:38+05:30
HSCL,767.93,TOUCHED,4.29,above,800.9,767.93,765.95,767.93,763.97,0.516,53.2,0.035,0,2026-07-20,2026-07-21,False,False,5.0,2026-07-21T15:46:38+05:30
ABBOTINDIA,28225.83,TOUCHED,2.03,above,28800.0,28225.83,28176.67,28225.83,28127.5,0.349,53.4,0.036,0,2026-07-20,2026-07-21,False,False,5.0,2026-07-21T15:46:38+05:30
WELSPUNLIV,164.70,TOUCHED,0.81,above,166.04,164.7,164.26,164.7,163.82,0.536,53.4,0.042,0,2026-07-20,2026-07-21,False,False,5.0,2026-07-21T15:46:38+05:30
ALKEM,5644.50,TOUCHED,0.66,above,5681.5,5644.5,5635.5,5644.5,5626.5,0.319,53.7,0.026,0,2026-07-20,2026-07-21,False,False,5.0,2026-07-21T15:46:38+05:30
ARE&M,913.14,TOUCHED,-0.89,below,905.0,913.14,914.98,916.82,913.14,0.403,53.7,0.024,0,2026-07-20,2026-07-21,False,False,5.0,2026-07-21T15:46:38+05:30
HOMEFIRST,1269.58,TOUCHED,0.83,above,1280.1,1269.58,1265.97,1269.58,1262.35,0.571,54.0,0.044,0,2026-07-20,2026-07-21,False,False,5.0,2026-07-21T15:46:38+05:30
GROWW,205.47,TOUCHED,0.43,above,206.36,205.47,204.79,205.47,204.11,0.666,54.7,0.031,0,2026-07-20,2026-07-21,False,False,5.0,2026-07-21T15:46:38+05:30
KIMS,790.64,TOUCHED,-0.02,below,790.45,790.64,792.68,794.73,790.64,0.515,54.8,0.041,0,2026-07-20,2026-07-21,False,False,5.0,2026-07-21T15:46:38+05:30
BERGEPAINT,493.90,TOUCHED,2.53,above,506.4,493.9,492.83,493.9,491.77,0.433,55.1,0.013,0,2026-07-20,2026-07-21,False,False,5.0,2026-07-21T15:46:38+05:30
ICICIAMC,3142.80,TOUCHED,0.23,above,3150.0,3142.8,3134.33,3142.8,3125.87,0.54,55.2,0.027,0,2026-07-20,2026-07-21,False,False,5.0,2026-07-21T15:46:38+05:30
VBL,464.85,TOUCHED,-0.3,below,463.45,464.85,465.9,466.95,464.85,0.451,55.6,0.03,0,2026-07-20,2026-07-21,False,False,5.0,2026-07-21T15:46:38+05:30
PFOCUS,288.32,TOUCHED,0.38,above,289.42,288.32,286.92,288.32,285.51,0.979,56.4,0.05,0,2026-07-20,2026-07-21,False,False,5.0,2026-07-21T15:46:38+05:30
INDUSTOWER,403.72,TOUCHED,0.18,inside,404.45,403.72,403.72,404.57,402.86,0.425,56.7,0.022,0,2026-07-20,2026-07-21,False,False,5.0,2026-07-21T15:46:38+05:30
BAJAJ-AUTO,10468.25,TOUCHED,-0.62,below,10403.5,10468.25,10486.33,10504.42,10468.25,0.345,57.0,0.028,0,2026-07-20,2026-07-21,False,False,5.0,2026-07-21T15:46:38+05:30
MCX,2800.77,TOUCHED,0.02,inside,2801.2,2800.77,2800.77,2809.38,2792.15,0.615,57.3,0.059,0,2026-07-20,2026-07-21,False,False,5.0,2026-07-21T15:46:38+05:30
ERIS,1459.68,TOUCHED,0.71,above,1470.0,1459.68,1456.07,1459.68,1452.45,0.497,57.5,0.033,0,2026-07-20,2026-07-21,False,False,5.0,2026-07-21T15:46:38+05:30
PWL,134.11,TOUCHED,-0.2,inside,133.84,134.11,134.11,134.65,133.57,0.808,57.7,0.069,0,2026-07-20,2026-07-21,False,False,5.0,2026-07-21T15:46:38+05:30
BHARATFORG,2197.83,TOUCHED,0.18,inside,2201.8,2197.83,2197.83,2203.42,2192.25,0.508,57.8,0.034,0,2026-07-20,2026-07-21,False,False,5.0,2026-07-21T15:46:38+05:30
ITC,281.60,TOUCHED,-0.21,below,281.0,281.6,281.97,282.33,281.6,0.26,57.8,0.021,0,2026-07-20,2026-07-21,False,False,5.0,2026-07-21T15:46:38+05:30
HEXT,559.28,TOUCHED,0.14,inside,560.05,559.28,559.28,561.1,557.47,0.65,57.9,0.046,0,2026-07-20,2026-07-21,False,False,5.0,2026-07-21T15:46:38+05:30
PVRINOX,1011.00,TOUCHED,-0.98,below,1001.1,1011.0,1013.75,1016.5,1011.0,0.543,58.4,0.03,0,2026-07-20,2026-07-21,False,False,5.0,2026-07-21T15:46:38+05:30
TATATECH,750.31,TOUCHED,-2.84,below,729.0,750.31,751.92,753.52,750.31,0.428,58.4,0.033,0,2026-07-20,2026-07-21,False,False,5.0,2026-07-21T15:46:38+05:30
JIOFIN,240.04,TOUCHED,-0.01,inside,240.03,240.04,240.04,240.61,239.48,0.468,58.6,0.02,0,2026-07-20,2026-07-21,False,False,5.0,2026-07-21T15:46:38+05:30
ADANIENT,3175.87,TOUCHED,0.22,above,3182.7,3175.87,3168.43,3175.87,3161.0,0.469,58.9,0.026,0,2026-07-20,2026-07-21,False,False,5.0,2026-07-21T15:46:38+05:30
MSUMI,40.00,TOUCHED,0.33,above,40.13,40.0,39.89,40.0,39.79,0.535,58.9,0.031,0,2026-07-20,2026-07-21,False,False,5.0,2026-07-21T15:46:38+05:30
SUNPHARMA,1953.23,TOUCHED,0.44,above,1961.9,1953.23,1950.07,1953.23,1946.9,0.325,58.9,0.02,0,2026-07-20,2026-07-21,False,False,5.0,2026-07-21T15:46:38+05:30
BATAINDIA,702.03,TOUCHED,-0.45,below,698.9,702.03,703.57,705.1,702.03,0.436,60.0,0.023,0,2026-07-20,2026-07-21,False,False,5.0,2026-07-21T15:46:38+05:30
PINELABS,150.89,TOUCHED,-0.31,inside,150.42,150.89,150.89,151.47,150.32,0.764,60.0,0.052,0,2026-07-20,2026-07-21,False,False,5.0,2026-07-21T15:46:38+05:30
IKS,1885.30,TOUCHED,-0.13,below,1882.8,1885.3,1890.83,1896.37,1885.3,0.585,60.3,0.02,0,2026-07-20,2026-07-21,False,False,5.0,2026-07-21T15:46:38+05:30
NAVA,582.25,TOUCHED,0.55,above,585.45,582.25,580.42,582.25,578.58,0.632,60.5,0.038,0,2026-07-20,2026-07-21,False,False,5.0,2026-07-21T15:46:38+05:30
RITES,219.38,TOUCHED,0.04,above,219.46,219.38,218.82,219.38,218.26,0.51,60.8,0.025,0,2026-07-20,2026-07-21,False,False,5.0,2026-07-21T15:46:38+05:30
AMBER,7774.75,TOUCHED,-1.96,below,7622.0,7774.75,7802.83,7830.92,7774.75,0.72,61.4,0.05,0,2026-07-20,2026-07-21,False,False,5.0,2026-07-21T15:46:38+05:30
VTL,632.94,TOUCHED,-1.24,below,625.1,632.94,634.83,636.73,632.94,0.596,61.4,0.032,0,2026-07-20,2026-07-21,False,False,5.0,2026-07-21T15:46:38+05:30
ASTRAL,1392.67,TOUCHED,1.61,above,1415.1,1392.67,1389.23,1392.67,1385.8,0.494,61.6,0.032,0,2026-07-20,2026-07-21,False,False,5.0,2026-07-21T15:46:38+05:30
GMRAIRPORT,111.26,TOUCHED,0.2,above,111.48,111.26,110.98,111.26,110.69,0.508,61.6,0.022,0,2026-07-20,2026-07-21,False,False,5.0,2026-07-21T15:46:38+05:30
CGPOWER,909.98,TOUCHED,0.54,above,914.85,909.98,907.5,909.98,905.02,0.545,61.9,0.039,0,2026-07-20,2026-07-21,False,False,5.0,2026-07-21T15:46:38+05:30
GODREJIND,1360.92,TOUCHED,1.44,above,1380.5,1360.92,1357.03,1360.92,1353.15,0.572,61.9,0.047,0,2026-07-20,2026-07-21,False,False,5.0,2026-07-21T15:46:38+05:30
BEML,1782.57,TOUCHED,0.21,inside,1786.3,1782.57,1782.57,1788.6,1776.53,0.677,62.2,0.028,0,2026-07-20,2026-07-21,False,False,5.0,2026-07-21T15:46:38+05:30
CENTRALBK,31.97,TOUCHED,0.15,above,32.02,31.97,31.89,31.97,31.82,0.491,62.2,0.042,0,2026-07-20,2026-07-21,False,False,5.0,2026-07-21T15:46:38+05:30
ELGIEQUIP,586.22,TOUCHED,2.52,above,601.0,586.22,584.43,586.22,582.65,0.61,63.6,0.045,0,2026-07-20,2026-07-21,False,False,5.0,2026-07-21T15:46:38+05:30
THELEELA,488.05,TOUCHED,-0.08,below,487.65,488.05,489.55,491.05,488.05,0.613,63.6,0.033,0,2026-07-20,2026-07-21,False,False,5.0,2026-07-21T15:46:38+05:30
J&KBANK,183.97,TOUCHED,1.61,above,186.93,183.97,183.4,183.97,182.82,0.627,63.8,0.033,0,2026-07-20,2026-07-21,False,False,5.0,2026-07-21T15:46:38+05:30
NTPC,346.57,TOUCHED,0.57,above,348.55,346.57,345.88,346.57,345.2,0.395,64.1,0.016,0,2026-07-20,2026-07-21,False,False,5.0,2026-07-21T15:46:38+05:30
SUNTV,493.77,TOUCHED,0.12,above,494.35,493.77,492.48,493.77,491.19,0.525,64.4,0.024,0,2026-07-20,2026-07-21,False,False,5.0,2026-07-21T15:46:38+05:30
NYKAA,326.00,TOUCHED,0.6,above,327.95,326.0,325.17,326.0,324.33,0.513,65.2,0.024,0,2026-07-20,2026-07-21,False,False,5.0,2026-07-21T15:46:38+05:30
SAILIFE,1288.97,TOUCHED,-0.02,inside,1288.7,1288.97,1288.97,1292.98,1284.95,0.623,65.2,0.043,0,2026-07-20,2026-07-21,False,False,5.0,2026-07-21T15:46:38+05:30
BRITANNIA,5459.50,TOUCHED,0.41,above,5482.0,5459.5,5449.0,5459.5,5438.5,0.385,65.8,0.025,0,2026-07-20,2026-07-21,False,False,5.0,2026-07-21T15:46:38+05:30
IGL,153.79,TOUCHED,-0.08,inside,153.67,153.79,153.79,154.22,153.35,0.568,65.8,0.046,0,2026-07-20,2026-07-21,False,False,5.0,2026-07-21T15:46:38+05:30
INFY,1089.23,TOUCHED,-1.44,below,1073.5,1089.23,1091.37,1093.5,1089.23,0.391,65.8,0.029,0,2026-07-20,2026-07-21,False,False,5.0,2026-07-21T15:46:38+05:30
COHANCE,446.12,TOUCHED,-0.11,below,445.65,446.12,447.65,449.18,446.12,0.681,66.0,0.022,0,2026-07-20,2026-07-21,False,False,5.0,2026-07-21T15:46:38+05:30
360ONE,1119.20,TOUCHED,0.04,inside,1119.7,1119.2,1119.2,1122.85,1115.55,0.652,66.6,0.034,0,2026-07-20,2026-07-21,False,False,5.0,2026-07-21T15:46:38+05:30
DATAPATTNS,4051.95,TOUCHED,4.74,above,4243.9,4051.95,4031.53,4051.95,4011.12,1.013,66.6,0.075,0,2026-07-20,2026-07-21,False,False,5.0,2026-07-21T15:46:38+05:30
LINDEINDIA,7016.58,TOUCHED,-0.18,below,7004.0,7016.58,7036.67,7056.75,7016.58,0.571,66.8,0.025,0,2026-07-20,2026-07-21,False,False,5.0,2026-07-21T15:46:38+05:30
GODREJPROP,2111.22,TOUCHED,2.51,above,2164.3,2111.22,2103.73,2111.22,2096.25,0.711,67.1,0.048,0,2026-07-20,2026-07-21,False,False,5.0,2026-07-21T15:46:38+05:30
PAGEIND,40135.00,TOUCHED,-0.1,inside,40095.0,40135.0,40135.0,40230.0,40040.0,0.473,67.1,0.025,0,2026-07-20,2026-07-21,False,False,5.0,2026-07-21T15:46:38+05:30
TORNTPOWER,1428.62,TOUCHED,0.51,above,1435.9,1428.62,1423.93,1428.62,1419.25,0.658,67.4,0.035,0,2026-07-20,2026-07-21,False,False,5.0,2026-07-21T15:46:38+05:30
VOLTAS,1353.02,TOUCHED,0.46,above,1359.2,1353.02,1348.63,1353.02,1344.25,0.65,67.7,0.037,0,2026-07-20,2026-07-21,False,False,5.0,2026-07-21T15:46:38+05:30
RELIANCE,1325.53,TOUCHED,-1.65,below,1303.7,1325.53,1327.97,1330.4,1325.53,0.366,67.9,0.028,0,2026-07-20,2026-07-21,False,False,5.0,2026-07-21T15:46:38+05:30
URBANCO,133.03,TOUCHED,0.83,above,134.13,133.03,132.45,133.03,131.88,0.868,67.9,0.044,0,2026-07-20,2026-07-21,False,False,5.0,2026-07-21T15:46:38+05:30
CDSL,1389.82,TOUCHED,-1.79,below,1364.9,1389.82,1394.43,1399.05,1389.82,0.662,68.2,0.036,0,2026-07-20,2026-07-21,False,False,5.0,2026-07-21T15:46:38+05:30
TATACOMM,1828.00,TOUCHED,-0.5,below,1818.8,1828.0,1833.4,1838.8,1828.0,0.589,68.2,0.024,0,2026-07-20,2026-07-21,False,False,5.0,2026-07-21T15:46:38+05:30
TATACAP,351.22,TOUCHED,-0.19,inside,350.55,351.22,351.22,352.11,350.32,0.508,68.8,0.016,0,2026-07-20,2026-07-21,False,False,5.0,2026-07-21T15:46:38+05:30
KOTAKBANK,381.34,TOUCHED,1.21,above,385.95,381.34,380.63,381.34,379.93,0.372,70.1,0.025,0,2026-07-20,2026-07-21,False,False,5.0,2026-07-21T15:46:38+05:30
TCS,2255.48,TOUCHED,-1.52,below,2221.1,2255.48,2259.87,2264.25,2255.48,0.388,70.1,0.029,0,2026-07-20,2026-07-21,False,False,5.0,2026-07-21T15:46:38+05:30
GAIL,172.55,TOUCHED,0.83,above,173.99,172.55,172.09,172.55,171.63,0.535,70.7,0.015,0,2026-07-20,2026-07-21,False,False,5.0,2026-07-21T15:46:38+05:30
HCLTECH,1218.33,TOUCHED,1.74,above,1239.5,1218.33,1215.37,1218.33,1212.4,0.488,71.0,0.022,0,2026-07-20,2026-07-21,False,False,5.0,2026-07-21T15:46:38+05:30
REDINGTON,270.63,TOUCHED,-0.25,below,269.95,270.63,271.77,272.9,270.63,0.834,71.0,0.039,0,2026-07-20,2026-07-21,False,False,5.0,2026-07-21T15:46:38+05:30
DLF,666.39,TOUCHED,1.09,above,673.65,666.39,664.18,666.39,661.98,0.665,72.9,0.037,0,2026-07-20,2026-07-21,False,False,5.0,2026-07-21T15:46:38+05:30
ENRIN,3368.60,TOUCHED,0.14,inside,3373.4,3368.6,3368.6,3381.45,3355.75,0.763,73.1,0.025,0,2026-07-20,2026-07-21,False,False,5.0,2026-07-21T15:46:38+05:30
ITCHOTELS,167.61,TOUCHED,-1.93,below,164.37,167.61,168.16,168.72,167.61,0.662,73.2,0.037,0,2026-07-20,2026-07-21,False,False,5.0,2026-07-21T15:46:38+05:30
TITAGARH,856.35,TOUCHED,-1.49,below,843.6,856.35,859.97,863.58,856.35,0.841,73.2,0.051,0,2026-07-20,2026-07-21,False,False,5.0,2026-07-21T15:46:38+05:30
JYOTICNC,799.47,TOUCHED,0.43,above,802.9,799.47,795.9,799.47,792.33,0.898,74.0,0.025,0,2026-07-20,2026-07-21,False,False,5.0,2026-07-21T15:46:38+05:30
WAAREEENER,2790.25,TOUCHED,-2.08,below,2732.1,2790.25,2802.23,2814.22,2790.25,0.855,74.0,0.043,0,2026-07-20,2026-07-21,False,False,5.0,2026-07-21T15:46:38+05:30
ATUL,6149.00,TOUCHED,0.69,above,6191.5,6149.0,6129.83,6149.0,6110.67,0.625,74.5,0.016,0,2026-07-20,2026-07-21,False,False,5.0,2026-07-21T15:46:38+05:30
MARUTI,13574.33,TOUCHED,0.17,inside,13597.0,13574.33,13574.33,13604.5,13544.17,0.444,74.5,0.017,0,2026-07-20,2026-07-21,False,False,5.0,2026-07-21T15:46:38+05:30
CRAFTSMAN,9357.67,TOUCHED,0.49,above,9403.5,9357.67,9321.83,9357.67,9286.0,0.769,74.8,0.046,0,2026-07-20,2026-07-21,False,False,5.0,2026-07-21T15:46:38+05:30
JUBLFOOD,423.44,TOUCHED,0.49,above,425.5,423.44,422.03,423.44,420.62,0.667,74.8,0.018,0,2026-07-20,2026-07-21,False,False,5.0,2026-07-21T15:46:38+05:30
POWERGRID,287.20,TOUCHED,-0.17,inside,286.7,287.2,287.2,287.95,286.45,0.522,74.8,0.019,0,2026-07-20,2026-07-21,False,False,5.0,2026-07-21T15:46:38+05:30
SPLPETRO,714.50,TOUCHED,1.65,above,726.3,714.5,711.45,714.5,708.4,0.857,74.8,0.04,0,2026-07-20,2026-07-21,False,False,5.0,2026-07-21T15:46:38+05:30
MEESHO,188.71,TOUCHED,1.52,above,191.58,188.71,187.69,188.71,186.68,1.078,75.7,0.027,0,2026-07-20,2026-07-21,False,False,5.0,2026-07-21T15:46:38+05:30
HONASA,459.29,TOUCHED,-1.78,below,451.1,459.29,461.03,462.77,459.29,0.756,76.2,0.054,0,2026-07-20,2026-07-21,False,False,5.0,2026-07-21T15:46:38+05:30
LATENTVIEW,306.95,TOUCHED,-0.5,below,305.4,306.95,308.2,309.45,306.95,0.811,76.2,0.033,0,2026-07-20,2026-07-21,False,False,5.0,2026-07-21T15:46:38+05:30
MRPL,173.49,TOUCHED,1.63,above,176.31,173.49,172.63,173.49,171.77,0.991,76.2,0.056,0,2026-07-20,2026-07-21,False,False,5.0,2026-07-21T15:46:38+05:30
TECHM,1581.00,TOUCHED,-0.3,below,1576.3,1581.0,1585.6,1590.2,1581.0,0.58,76.2,0.038,0,2026-07-20,2026-07-21,False,False,5.0,2026-07-21T15:46:38+05:30
MRF,132448.33,TOUCHED,1.17,above,134000.0,132448.33,132096.67,132448.33,131745.0,0.532,76.7,0.037,0,2026-07-20,2026-07-21,False,False,5.0,2026-07-21T15:46:38+05:30
SOLARINDS,18956.17,TOUCHED,0.47,above,19045.0,18956.17,18884.33,18956.17,18812.5,0.761,76.7,0.057,0,2026-07-20,2026-07-21,False,False,5.0,2026-07-21T15:46:38+05:30
SUZLON,52.88,TOUCHED,0.55,above,53.17,52.88,52.66,52.88,52.45,0.81,77.5,0.037,0,2026-07-20,2026-07-21,False,False,5.0,2026-07-21T15:46:38+05:30
GRANULES,879.57,TOUCHED,-0.44,below,875.7,879.57,883.03,886.5,879.57,0.785,78.1,0.037,0,2026-07-20,2026-07-21,False,False,5.0,2026-07-21T15:46:38+05:30
AADHARHFC,514.42,TOUCHED,-0.18,inside,513.5,514.42,514.42,516.35,512.48,0.752,78.6,0.025,0,2026-07-20,2026-07-21,False,False,5.0,2026-07-21T15:46:38+05:30
POLYMED,1696.80,TOUCHED,-0.05,below,1695.9,1696.8,1704.83,1712.87,1696.8,0.942,78.6,0.053,0,2026-07-20,2026-07-21,False,False,5.0,2026-07-21T15:46:38+05:30
AEGISVOPAK,279.52,TOUCHED,3.2,above,288.45,279.52,278.01,279.52,276.51,1.081,78.9,0.037,0,2026-07-20,2026-07-21,False,False,5.0,2026-07-21T15:46:38+05:30
HONAUT,38475.00,TOUCHED,0.26,inside,38575.0,38475.0,38475.0,38605.0,38345.0,0.676,78.9,0.024,0,2026-07-20,2026-07-21,False,False,5.0,2026-07-21T15:46:38+05:30
GRASIM,3136.02,TOUCHED,1.4,above,3179.8,3136.02,3128.23,3136.02,3120.45,0.498,79.2,0.017,0,2026-07-20,2026-07-21,False,False,5.0,2026-07-21T15:46:38+05:30
BANKINDIA,146.37,TOUCHED,0.5,above,147.1,146.37,145.8,146.37,145.22,0.791,79.5,0.032,0,2026-07-20,2026-07-21,False,False,5.0,2026-07-21T15:46:38+05:30
CANBK,127.83,TOUCHED,-0.24,inside,127.52,127.83,127.83,128.32,127.33,0.777,79.5,0.023,0,2026-07-20,2026-07-21,False,False,5.0,2026-07-21T15:46:38+05:30
IDBI,86.21,TOUCHED,0.49,above,86.63,86.21,85.81,86.21,85.42,0.913,79.5,0.047,0,2026-07-20,2026-07-21,False,False,5.0,2026-07-21T15:46:38+05:30
TATAPOWER,381.78,TOUCHED,-0.09,inside,381.45,381.78,381.78,383.04,380.52,0.659,80.0,0.028,0,2026-07-20,2026-07-21,False,False,5.0,2026-07-21T15:46:38+05:30
DIXON,14389.50,TOUCHED,-1.89,below,14118.0,14389.5,14456.0,14522.5,14389.5,0.92,80.3,0.05,0,2026-07-20,2026-07-21,False,False,5.0,2026-07-21T15:46:38+05:30
ZFCVINDIA,2367.45,TOUCHED,1.32,above,2398.6,2367.45,2357.83,2367.45,2348.22,0.816,80.3,0.037,0,2026-07-20,2026-07-21,False,False,5.0,2026-07-21T15:46:38+05:30
BELRISE,232.81,TOUCHED,1.7,above,236.76,232.81,231.7,232.81,230.58,0.96,80.5,0.034,0,2026-07-20,2026-07-21,False,False,5.0,2026-07-21T15:46:38+05:30
USHAMART,501.62,TOUCHED,-0.28,below,500.2,501.62,503.88,506.14,501.62,0.896,80.8,0.04,0,2026-07-20,2026-07-21,False,False,5.0,2026-07-21T15:46:38+05:30
EMAMILTD,406.62,TOUCHED,-1.38,below,401.0,406.62,408.08,409.55,406.62,0.719,81.1,0.021,0,2026-07-20,2026-07-21,False,False,5.0,2026-07-21T15:46:38+05:30
YESBANK,23.10,TOUCHED,0.19,inside,23.14,23.1,23.1,23.18,23.01,0.722,81.1,0.04,0,2026-07-20,2026-07-21,False,False,5.0,2026-07-21T15:46:38+05:30
JSWINFRA,345.78,TOUCHED,-0.36,inside,344.55,345.78,345.78,347.12,344.45,0.771,81.6,0.029,0,2026-07-20,2026-07-21,False,False,5.0,2026-07-21T15:46:38+05:30
CGCL,251.22,TOUCHED,-0.63,below,249.64,251.22,252.41,253.61,251.22,0.948,82.7,0.053,0,2026-07-20,2026-07-21,False,False,5.0,2026-07-21T15:46:38+05:30
BLUESTARCO,1697.57,TOUCHED,0.31,inside,1702.8,1697.57,1697.57,1705.93,1689.2,0.986,83.3,0.042,0,2026-07-20,2026-07-21,False,False,5.0,2026-07-21T15:46:38+05:30
ELECON,457.87,TOUCHED,-1.78,below,449.7,457.87,460.73,463.6,457.87,1.244,83.3,0.036,0,2026-07-20,2026-07-21,False,False,5.0,2026-07-21T15:46:38+05:30
AXISBANK,1259.52,TOUCHED,-0.1,below,1258.2,1259.52,1263.03,1266.55,1259.52,0.557,83.6,0.024,0,2026-07-20,2026-07-21,False,False,5.0,2026-07-21T15:46:38+05:30
OFSS,11667.17,TOUCHED,-0.3,below,11632.0,11667.17,11714.33,11761.5,11667.17,0.805,83.6,0.024,0,2026-07-20,2026-07-21,False,False,5.0,2026-07-21T15:46:38+05:30
UCOBANK,26.54,TOUCHED,1.22,above,26.86,26.54,26.43,26.54,26.33,0.782,83.6,0.013,0,2026-07-20,2026-07-21,False,False,5.0,2026-07-21T15:46:38+05:30
VIJAYA,1340.95,TOUCHED,-0.72,below,1331.3,1340.95,1347.2,1353.45,1340.95,0.928,83.8,0.037,0,2026-07-20,2026-07-21,False,False,5.0,2026-07-21T15:46:38+05:30
ACMESOLAR,379.89,TOUCHED,-1.79,below,373.1,379.89,382.23,384.57,379.89,1.225,84.1,0.05,0,2026-07-20,2026-07-21,False,False,5.0,2026-07-21T15:46:38+05:30
SBIN,1051.65,TOUCHED,-0.69,below,1044.4,1051.65,1054.43,1057.22,1051.65,0.528,84.4,0.011,0,2026-07-20,2026-07-21,False,False,5.0,2026-07-21T15:46:38+05:30
UNITDSPR,1390.62,TOUCHED,0.01,above,1390.8,1390.62,1385.93,1390.62,1381.25,0.676,84.4,0.035,0,2026-07-20,2026-07-21,False,False,5.0,2026-07-21T15:46:38+05:30
FIVESTAR,564.48,TOUCHED,-0.01,inside,564.4,564.48,564.48,567.49,561.47,1.066,85.5,0.036,0,2026-07-20,2026-07-21,False,False,5.0,2026-07-21T15:46:38+05:30
KIRLOSENG,2235.75,TOUCHED,-0.63,below,2221.7,2235.75,2249.8,2263.85,2235.75,1.249,85.8,0.036,0,2026-07-20,2026-07-21,False,False,5.0,2026-07-21T15:46:38+05:30
INDIANB,854.33,TOUCHED,0.12,above,855.35,854.33,850.15,854.33,845.98,0.982,86.0,0.034,0,2026-07-20,2026-07-21,False,False,5.0,2026-07-21T15:46:38+05:30
PFC,411.98,TOUCHED,0.7,above,414.85,411.98,410.1,411.98,408.23,0.914,86.0,0.04,0,2026-07-20,2026-07-21,False,False,5.0,2026-07-21T15:46:38+05:30
RHIM,410.88,TOUCHED,-0.26,below,409.8,410.88,413.07,415.25,410.88,1.057,86.3,0.029,0,2026-07-20,2026-07-21,False,False,5.0,2026-07-21T15:46:38+05:30
LTTS,3365.47,TOUCHED,-1.76,below,3306.4,3365.47,3381.43,3397.4,3365.47,0.944,86.8,0.042,0,2026-07-20,2026-07-21,False,False,5.0,2026-07-21T15:46:38+05:30
OIL,446.93,TOUCHED,-0.4,below,445.15,446.93,449.13,451.34,446.93,0.983,87.1,0.025,0,2026-07-20,2026-07-21,False,False,5.0,2026-07-21T15:46:38+05:30
RECLTD,361.78,TOUCHED,0.07,above,362.05,361.78,360.07,361.78,358.35,0.954,87.1,0.016,0,2026-07-20,2026-07-21,False,False,5.0,2026-07-21T15:46:38+05:30
TRENT,2899.30,TOUCHED,-0.16,inside,2894.7,2899.3,2899.3,2912.6,2886.0,0.917,87.1,0.046,0,2026-07-20,2026-07-21,False,False,5.0,2026-07-21T15:46:38+05:30
NATCOPHARM,962.07,TOUCHED,-0.02,inside,961.9,962.07,962.07,967.77,956.36,1.187,88.5,0.019,0,2026-07-20,2026-07-21,False,False,5.0,2026-07-21T15:46:38+05:30
CONCOR,492.52,TOUCHED,-0.18,below,491.65,492.52,494.68,496.84,492.52,0.873,89.3,0.033,0,2026-07-20,2026-07-21,False,False,5.0,2026-07-21T15:46:38+05:30
RRKABEL,2319.98,TOUCHED,1.1,above,2345.4,2319.98,2307.07,2319.98,2294.15,1.12,89.3,0.055,0,2026-07-20,2026-07-21,False,False,5.0,2026-07-21T15:46:38+05:30
KPRMILL,1120.13,TOUCHED,-1.72,below,1100.9,1120.13,1126.97,1133.8,1120.13,1.213,89.9,0.054,0,2026-07-20,2026-07-21,False,False,5.0,2026-07-21T15:46:38+05:30
MARICO,852.58,TOUCHED,0.11,above,853.55,852.58,849.87,852.58,847.15,0.639,89.9,0.017,0,2026-07-20,2026-07-21,False,False,5.0,2026-07-21T15:46:38+05:30
NHPC,80.27,TOUCHED,0.05,inside,80.31,80.27,80.27,80.63,79.9,0.909,90.4,0.035,0,2026-07-20,2026-07-21,False,False,5.0,2026-07-21T15:46:38+05:30
SAREGAMA,511.08,TOUCHED,1.0,above,516.2,511.08,508.02,511.08,504.95,1.207,90.4,0.038,0,2026-07-20,2026-07-21,False,False,5.0,2026-07-21T15:46:38+05:30
VEDL,260.53,TOUCHED,1.66,above,264.85,260.53,259.2,260.53,257.88,1.022,90.4,0.03,0,2026-07-20,2026-07-21,False,False,5.0,2026-07-21T15:46:38+05:30
NUVOCO,351.53,TOUCHED,2.87,above,361.6,351.53,349.65,351.53,347.77,1.073,92.9,0.037,0,2026-07-20,2026-07-21,False,False,5.0,2026-07-21T15:46:38+05:30
IEX,124.20,TOUCHED,0.19,inside,124.43,124.2,124.2,124.95,123.45,1.21,93.2,0.031,0,2026-07-20,2026-07-21,False,False,5.0,2026-07-21T15:46:38+05:30
CARBORUNIV,1080.63,TOUCHED,0.33,above,1084.2,1080.63,1074.07,1080.63,1067.5,1.223,93.4,0.029,0,2026-07-20,2026-07-21,False,False,5.0,2026-07-21T15:46:38+05:30
CAMS,766.10,TOUCHED,0.15,above,767.25,766.1,761.55,766.1,757.0,1.195,93.7,0.049,0,2026-07-20,2026-07-21,False,False,5.0,2026-07-21T15:46:38+05:30
SCHNEIDER,1329.30,TOUCHED,2.18,above,1358.3,1329.3,1317.6,1329.3,1305.9,1.776,93.7,0.031,0,2026-07-20,2026-07-21,False,False,5.0,2026-07-21T15:46:38+05:30
ABSLAMC,1126.12,TOUCHED,-7.37,below,1043.1,1126.12,1133.63,1141.15,1126.12,1.326,94.2,0.033,0,2026-07-20,2026-07-21,False,False,5.0,2026-07-21T15:46:38+05:30
BANKBARODA,251.10,TOUCHED,-1.35,below,247.7,251.1,252.35,253.6,251.1,0.991,95.1,0.012,0,2026-07-20,2026-07-21,False,False,5.0,2026-07-21T15:46:38+05:30
PREMIERENE,1058.35,TOUCHED,-0.94,below,1048.4,1058.35,1067.7,1077.05,1058.35,1.751,95.1,0.029,0,2026-07-20,2026-07-21,False,False,5.0,2026-07-21T15:46:38+05:30
UNIONBANK,174.80,TOUCHED,0.75,above,176.11,174.8,173.66,174.8,172.53,1.305,95.9,0.048,0,2026-07-20,2026-07-21,False,False,5.0,2026-07-21T15:46:38+05:30
CEATLTD,3434.53,TOUCHED,-0.77,below,3408.0,3434.53,3461.77,3489.0,3434.53,1.573,96.2,0.04,0,2026-07-20,2026-07-21,False,False,5.0,2026-07-21T15:46:38+05:30
AUBANK,1007.17,TOUCHED,-0.38,inside,1003.3,1007.17,1007.17,1014.1,1000.23,1.377,96.4,0.016,0,2026-07-20,2026-07-21,False,False,5.0,2026-07-21T15:46:38+05:30
CANFINHOME,863.14,TOUCHED,-3.55,below,832.5,863.14,869.13,875.12,863.14,1.379,96.7,0.021,0,2026-07-20,2026-07-21,False,False,5.0,2026-07-21T15:46:38+05:30
