symbol,status,type,distance_pct,trend,ltp,virgin_level,pivot,tc,bc,width_pct,width_percentile,narrow_threshold_pct,days_virgin,source_date,session_date,is_virgin,is_narrow,narrow_percentile_used,scanned_at
CAPLIPOINT,2516.90,V+N,2.88,above,2589.3,2516.9,2516.87,2516.9,2516.83,0.003,1.1,0.032,1,2026-07-31,2026-08-04,True,True,5.0,2026-08-04T12:56:22+05:30
ENGINERSIN,222.39,V+N,1.17,above,225.0,222.39,222.39,222.39,222.38,0.003,1.6,0.038,1,2026-07-31,2026-08-04,True,True,5.0,2026-08-04T12:56:22+05:30
ULTRACEMCO,11904.00,V+N,0.4,above,11952.0,11904.0,11903.67,11904.0,11903.33,0.006,1.6,0.023,1,2026-07-31,2026-08-04,True,True,5.0,2026-08-04T12:56:22+05:30
FIRSTCRY,212.24,V+N,1.07,above,214.51,212.24,212.23,212.24,212.21,0.016,2.2,0.067,1,2026-07-31,2026-08-04,True,True,5.0,2026-08-04T12:56:22+05:30
IRFC,89.15,V+N,0.66,above,89.74,89.15,89.15,89.15,89.15,0.004,2.2,0.033,1,2026-07-31,2026-08-04,True,True,5.0,2026-08-04T12:56:22+05:30
HEG,657.17,V+N,1.79,above,668.95,657.17,657.08,657.17,657.0,0.025,2.7,0.05,1,2026-07-31,2026-08-04,True,True,5.0,2026-08-04T12:56:22+05:30
IEX,132.25,V+N,-2.51,below,128.93,132.25,132.26,132.28,132.25,0.018,2.7,0.031,1,2026-07-31,2026-08-04,True,True,5.0,2026-08-04T12:56:22+05:30
DRREDDY,1148.07,V+N,1.14,above,1161.2,1148.07,1148.03,1148.07,1148.0,0.006,3.0,0.015,1,2026-07-31,2026-08-04,True,True,5.0,2026-08-04T12:56:22+05:30
BEL,387.83,V+N,0.75,above,390.75,387.83,387.82,387.83,387.8,0.009,3.3,0.025,1,2026-07-31,2026-08-04,True,True,5.0,2026-08-04T12:56:22+05:30
UNIONBANK,171.31,V+N,1.28,above,173.5,171.31,171.29,171.31,171.26,0.027,3.3,0.047,1,2026-07-31,2026-08-04,True,True,5.0,2026-08-04T12:56:22+05:30
APOLLOTYRE,428.25,V+N,2.28,above,438.0,428.25,428.22,428.25,428.18,0.016,3.6,0.038,1,2026-07-31,2026-08-04,True,True,5.0,2026-08-04T12:56:22+05:30
ARE&M,910.75,V+N,1.49,above,924.35,910.75,910.65,910.75,910.55,0.022,4.1,0.023,1,2026-07-31,2026-08-04,True,True,5.0,2026-08-04T12:56:22+05:30
AARTIIND,493.08,V+W,-2.12,below,482.6,493.08,497.05,501.03,493.08,1.599,97.0,0.037,1,2026-07-31,2026-08-04,True,False,5.0,2026-08-04T12:56:22+05:30
APLAPOLLO,1856.50,V+W,3.88,above,1928.6,1856.5,1844.17,1856.5,1831.83,1.338,97.5,0.017,1,2026-07-31,2026-08-04,True,False,5.0,2026-08-04T12:56:22+05:30
BALKRISIND,2454.37,V+W,2.67,above,2519.9,2454.37,2435.23,2454.37,2416.1,1.571,97.5,0.026,1,2026-07-31,2026-08-04,True,False,5.0,2026-08-04T12:56:22+05:30
GAIL,177.86,V+W,-1.1,below,175.9,177.86,179.05,180.25,177.86,1.335,97.5,0.015,1,2026-07-31,2026-08-04,True,False,5.0,2026-08-04T12:56:22+05:30
MEDANTA,1395.37,V+W,2.88,above,1435.6,1395.37,1385.13,1395.37,1374.9,1.478,97.5,0.028,1,2026-07-31,2026-08-04,True,False,5.0,2026-08-04T12:56:22+05:30
MPHASIS,2323.88,V+W,2.42,above,2380.1,2323.88,2305.47,2323.88,2287.05,1.598,98.1,0.024,1,2026-07-31,2026-08-04,True,False,5.0,2026-08-04T12:56:22+05:30
BAJFINANCE,1133.32,V+W,0.63,above,1140.4,1133.32,1125.43,1133.32,1117.55,1.401,99.2,0.025,1,2026-07-31,2026-08-04,True,False,5.0,2026-08-04T12:56:22+05:30
BAJAJFINSV,2013.83,V+W,3.82,above,2090.8,2013.83,1998.57,2013.83,1983.3,1.528,99.7,0.02,1,2026-07-31,2026-08-04,True,False,5.0,2026-08-04T12:56:22+05:30
IGL,151.94,V,1.88,above,154.8,151.94,151.91,151.94,151.88,0.046,5.5,0.046,1,2026-07-31,2026-08-04,True,False,5.0,2026-08-04T12:56:22+05:30
NSLNISP,43.01,V,1.27,above,43.56,43.01,43.0,43.01,43.0,0.039,5.5,0.032,1,2026-07-31,2026-08-04,True,False,5.0,2026-08-04T12:56:22+05:30
RPOWER,23.44,V,2.18,above,23.95,23.44,23.43,23.44,23.42,0.085,5.5,0.076,1,2026-07-31,2026-08-04,True,False,5.0,2026-08-04T12:56:22+05:30
SBFC,90.44,V,2.18,above,92.42,90.44,90.43,90.44,90.42,0.033,5.5,0.032,1,2026-07-31,2026-08-04,True,False,5.0,2026-08-04T12:56:22+05:30
ABCAPITAL,404.55,V,3.52,above,418.8,404.55,404.47,404.55,404.38,0.041,5.8,0.038,1,2026-07-31,2026-08-04,True,False,5.0,2026-08-04T12:56:22+05:30
HINDZINC,539.62,V,3.46,above,558.3,539.62,539.48,539.62,539.34,0.053,6.0,0.038,1,2026-07-31,2026-08-04,True,False,5.0,2026-08-04T12:56:22+05:30
JINDALSAW,256.88,V,2.11,above,262.3,256.88,256.8,256.88,256.72,0.058,6.0,0.043,1,2026-07-31,2026-08-04,True,False,5.0,2026-08-04T12:56:22+05:30
CLEAN,733.89,V,5.6,above,775.0,733.89,733.73,733.89,733.58,0.043,6.3,0.026,1,2026-07-31,2026-08-04,True,False,5.0,2026-08-04T12:56:22+05:30
EIDPARRY,759.85,V,4.14,above,791.3,759.85,759.65,759.85,759.45,0.053,6.8,0.032,1,2026-07-31,2026-08-04,True,False,5.0,2026-08-04T12:56:22+05:30
JSWDULUX,2940.10,V,2.56,above,3015.5,2940.1,2939.67,2940.1,2939.23,0.029,6.8,0.022,1,2026-07-31,2026-08-04,True,False,5.0,2026-08-04T12:56:22+05:30
CASTROLIND,185.27,V,0.93,above,187.0,185.27,185.25,185.27,185.23,0.022,7.1,0.014,1,2026-07-31,2026-08-04,True,False,5.0,2026-08-04T12:56:22+05:30
SHREECEM,26051.67,V,2.89,above,26805.0,26051.67,26048.33,26051.67,26045.0,0.026,7.1,0.013,1,2026-07-31,2026-08-04,True,False,5.0,2026-08-04T12:56:22+05:30
IOB,33.92,V,1.05,above,34.28,33.92,33.92,33.92,33.91,0.049,7.4,0.034,1,2026-07-31,2026-08-04,True,False,5.0,2026-08-04T12:56:22+05:30
BERGEPAINT,520.36,V,3.31,above,537.6,520.36,520.27,520.36,520.18,0.035,7.7,0.013,1,2026-07-31,2026-08-04,True,False,5.0,2026-08-04T12:56:22+05:30
ELGIEQUIP,570.27,V,2.7,above,585.7,570.27,570.07,570.27,569.86,0.073,7.7,0.045,1,2026-07-31,2026-08-04,True,False,5.0,2026-08-04T12:56:22+05:30
BATAINDIA,696.53,V,2.74,above,715.6,696.53,696.4,696.53,696.28,0.036,7.9,0.022,1,2026-07-31,2026-08-04,True,False,5.0,2026-08-04T12:56:22+05:30
PAYTM,1342.37,V,4.55,above,1403.4,1342.37,1341.73,1342.37,1341.1,0.094,8.2,0.057,1,2026-07-31,2026-08-04,True,False,5.0,2026-08-04T12:56:22+05:30
IRCON,125.95,V,4.54,above,131.67,125.95,125.9,125.95,125.86,0.069,8.5,0.042,1,2026-07-31,2026-08-04,True,False,5.0,2026-08-04T12:56:22+05:30
HBLENGINE,718.45,V,2.09,above,733.5,718.45,718.2,718.45,717.95,0.07,8.8,0.037,1,2026-07-31,2026-08-04,True,False,5.0,2026-08-04T12:56:22+05:30
MANAPPURAM,371.95,V,-5.16,below,352.75,371.95,372.05,372.15,371.95,0.054,8.8,0.027,1,2026-07-31,2026-08-04,True,False,5.0,2026-08-04T12:56:22+05:30
TRENT,3008.80,V,2.44,above,3082.3,3008.8,3007.83,3008.8,3006.87,0.064,8.8,0.046,1,2026-07-31,2026-08-04,True,False,5.0,2026-08-04T12:56:22+05:30
TRIDENT,24.73,V,1.42,above,25.08,24.73,24.72,24.73,24.72,0.054,8.8,0.028,1,2026-07-31,2026-08-04,True,False,5.0,2026-08-04T12:56:22+05:30
DMART,3920.03,V,2.1,above,4002.2,3920.03,3919.07,3920.03,3918.1,0.049,9.0,0.028,1,2026-07-31,2026-08-04,True,False,5.0,2026-08-04T12:56:22+05:30
BANKINDIA,137.89,V,1.49,above,139.95,137.89,137.83,137.89,137.77,0.085,9.6,0.032,1,2026-07-31,2026-08-04,True,False,5.0,2026-08-04T12:56:22+05:30
SOLARINDS,18382.17,V,1.95,above,18741.0,18382.17,18373.33,18382.17,18364.5,0.096,9.6,0.057,1,2026-07-31,2026-08-04,True,False,5.0,2026-08-04T12:56:22+05:30
TITAGARH,826.40,V,3.18,above,852.7,826.4,826.0,826.4,825.6,0.097,9.6,0.051,1,2026-07-31,2026-08-04,True,False,5.0,2026-08-04T12:56:22+05:30
NMDC,85.08,V,-1.26,below,84.0,85.08,85.11,85.15,85.08,0.082,10.1,0.028,1,2026-07-31,2026-08-04,True,False,5.0,2026-08-04T12:56:22+05:30
ITCHOTELS,162.30,V,1.36,above,164.5,162.3,162.23,162.3,162.16,0.086,10.4,0.037,1,2026-07-31,2026-08-04,True,False,5.0,2026-08-04T12:56:22+05:30
HINDCOPPER,491.33,V,0.56,above,494.1,491.33,491.05,491.33,490.77,0.112,10.7,0.036,1,2026-07-31,2026-08-04,True,False,5.0,2026-08-04T12:56:22+05:30
KEC,469.45,V,1.07,above,474.45,469.45,469.28,469.45,469.12,0.071,10.7,0.023,1,2026-07-31,2026-08-04,True,False,5.0,2026-08-04T12:56:22+05:30
ACMESOLAR,363.30,V,4.4,above,379.3,363.3,363.07,363.3,362.83,0.129,11.0,0.05,1,2026-07-31,2026-08-04,True,False,5.0,2026-08-04T12:56:22+05:30
AAVAS,1359.30,V,3.8,above,1411.0,1359.3,1358.8,1359.3,1358.3,0.074,11.2,0.027,1,2026-07-31,2026-08-04,True,False,5.0,2026-08-04T12:56:22+05:30
BRITANNIA,5415.00,V,1.04,above,5471.5,5415.0,5413.5,5415.0,5412.0,0.055,11.8,0.021,1,2026-07-31,2026-08-04,True,False,5.0,2026-08-04T12:56:22+05:30
CANBK,124.94,V,2.25,above,127.75,124.94,124.89,124.94,124.85,0.072,11.8,0.023,1,2026-07-31,2026-08-04,True,False,5.0,2026-08-04T12:56:22+05:30
ABFRL,60.21,V,1.68,above,61.22,60.21,60.18,60.21,60.14,0.105,12.1,0.024,1,2026-07-31,2026-08-04,True,False,5.0,2026-08-04T12:56:22+05:30
JAINREC,347.52,V,-6.24,below,325.85,347.52,347.75,347.98,347.52,0.129,12.1,0.056,1,2026-07-31,2026-08-04,True,False,5.0,2026-08-04T12:56:22+05:30
BSOFT,302.28,V,5.18,above,317.95,302.28,302.17,302.28,302.05,0.077,12.3,0.036,1,2026-07-31,2026-08-04,True,False,5.0,2026-08-04T12:56:22+05:30
CEATLTD,3435.15,V,4.14,above,3577.3,3435.15,3433.4,3435.15,3431.65,0.102,12.3,0.035,1,2026-07-31,2026-08-04,True,False,5.0,2026-08-04T12:56:22+05:30
KOTAKBANK,390.17,V,1.04,above,394.25,390.17,390.05,390.17,389.93,0.064,12.3,0.024,1,2026-07-31,2026-08-04,True,False,5.0,2026-08-04T12:56:22+05:30
ICICIBANK,1424.64,V,0.99,above,1438.7,1424.64,1424.23,1424.64,1423.81,0.058,12.6,0.023,1,2026-07-31,2026-08-04,True,False,5.0,2026-08-04T12:56:22+05:30
INDIACEM,398.18,V,-1.26,below,393.15,398.18,398.35,398.53,398.18,0.088,12.9,0.035,1,2026-07-31,2026-08-04,True,False,5.0,2026-08-04T12:56:22+05:30
NCC,141.01,V,2.46,above,144.48,141.01,140.94,141.01,140.87,0.099,12.9,0.028,1,2026-07-31,2026-08-04,True,False,5.0,2026-08-04T12:56:22+05:30
NBCC,94.74,V,0.43,above,95.15,94.74,94.68,94.74,94.62,0.123,13.7,0.042,1,2026-07-31,2026-08-04,True,False,5.0,2026-08-04T12:56:22+05:30
PFC,423.73,V,-1.1,below,419.05,423.73,423.93,424.14,423.73,0.098,14.2,0.036,1,2026-07-31,2026-08-04,True,False,5.0,2026-08-04T12:56:22+05:30
BDL,1255.90,V,0.72,above,1265.0,1255.9,1254.97,1255.9,1254.03,0.149,14.8,0.049,1,2026-07-31,2026-08-04,True,False,5.0,2026-08-04T12:56:22+05:30
BIKAJI,642.50,V,1.42,above,651.65,642.5,642.22,642.5,641.93,0.088,14.8,0.02,1,2026-07-31,2026-08-04,True,False,5.0,2026-08-04T12:56:22+05:30
RAMCOCEM,917.62,V,2.61,above,941.6,917.62,916.98,917.62,916.35,0.138,14.8,0.041,1,2026-07-31,2026-08-04,True,False,5.0,2026-08-04T12:56:22+05:30
SRF,2621.15,V,0.48,above,2633.7,2621.15,2619.8,2621.15,2618.45,0.103,15.1,0.031,1,2026-07-31,2026-08-04,True,False,5.0,2026-08-04T12:56:22+05:30
SWANCORP,307.53,V,1.31,above,311.55,307.53,307.27,307.53,307.0,0.174,15.1,0.037,1,2026-07-31,2026-08-04,True,False,5.0,2026-08-04T12:56:22+05:30
FINCABLES,989.20,V,0.87,above,997.85,989.2,988.67,989.2,988.13,0.108,15.3,0.019,1,2026-07-31,2026-08-04,True,False,5.0,2026-08-04T12:56:22+05:30
ELECON,420.22,V,3.8,above,436.2,420.22,419.83,420.22,419.44,0.187,15.9,0.036,1,2026-07-31,2026-08-04,True,False,5.0,2026-08-04T12:56:22+05:30
WHIRLPOOL,804.50,V,1.85,above,819.35,804.5,803.97,804.5,803.43,0.133,16.2,0.043,1,2026-07-31,2026-08-04,True,False,5.0,2026-08-04T12:56:22+05:30
ATGL,652.62,V,2.25,above,667.3,652.62,652.23,652.62,651.84,0.12,16.4,0.031,1,2026-07-31,2026-08-04,True,False,5.0,2026-08-04T12:56:22+05:30
NEULANDLAB,19098.50,V,1.85,above,19452.0,19098.5,19080.0,19098.5,19061.5,0.194,16.7,0.03,1,2026-07-31,2026-08-04,True,False,5.0,2026-08-04T12:56:22+05:30
SONACOMS,768.79,V,2.82,above,790.5,768.79,768.18,768.79,767.58,0.158,17.0,0.034,1,2026-07-31,2026-08-04,True,False,5.0,2026-08-04T12:56:22+05:30
CENTRALBK,31.03,V,0.69,above,31.25,31.03,31.01,31.03,30.99,0.14,17.3,0.041,1,2026-07-31,2026-08-04,True,False,5.0,2026-08-04T12:56:22+05:30
JSWSTEEL,1272.10,V,0.94,above,1284.1,1272.1,1271.4,1272.1,1270.7,0.11,18.1,0.024,1,2026-07-31,2026-08-04,True,False,5.0,2026-08-04T12:56:22+05:30
GODIGIT,254.11,V,3.11,above,262.0,254.11,253.92,254.11,253.73,0.151,18.6,0.029,1,2026-07-31,2026-08-04,True,False,5.0,2026-08-04T12:56:22+05:30
SJVN,68.57,V,0.72,above,69.07,68.57,68.53,68.57,68.48,0.136,18.6,0.027,1,2026-07-31,2026-08-04,True,False,5.0,2026-08-04T12:56:22+05:30
DALBHARAT,1802.30,V,0.48,above,1811.0,1802.3,1801.43,1802.3,1800.57,0.096,19.2,0.028,1,2026-07-31,2026-08-04,True,False,5.0,2026-08-04T12:56:22+05:30
GRSE,2604.57,V,-2.0,below,2552.5,2604.57,2607.93,2611.3,2604.57,0.258,19.2,0.067,1,2026-07-31,2026-08-04,True,False,5.0,2026-08-04T12:56:22+05:30
ZEEL,114.65,V,-13.52,below,99.15,114.65,114.76,114.86,114.65,0.18,19.5,0.045,1,2026-07-31,2026-08-04,True,False,5.0,2026-08-04T12:56:22+05:30
EICHERMOT,7846.50,V,0.82,above,7911.0,7846.5,7842.17,7846.5,7837.83,0.111,19.7,0.025,1,2026-07-31,2026-08-04,True,False,5.0,2026-08-04T12:56:22+05:30
MEESHO,182.05,V,5.86,above,192.72,182.05,181.9,182.05,181.76,0.159,19.9,0.024,1,2026-07-31,2026-08-04,True,False,5.0,2026-08-04T12:56:22+05:30
TENNIND,539.48,V,2.39,above,552.35,539.48,538.97,539.48,538.46,0.189,19.9,0.016,1,2026-07-31,2026-08-04,True,False,5.0,2026-08-04T12:56:22+05:30
DEEPAKNTR,1660.88,V,3.62,above,1721.0,1660.88,1659.57,1660.88,1658.25,0.159,20.0,0.029,1,2026-07-31,2026-08-04,True,False,5.0,2026-08-04T12:56:22+05:30
FORCEMOT,17984.50,V,2.21,above,18382.0,17984.5,17957.0,17984.5,17929.5,0.306,20.0,0.052,1,2026-07-31,2026-08-04,True,False,5.0,2026-08-04T12:56:22+05:30
NAM-INDIA,1160.38,V,2.71,above,1191.8,1160.38,1159.37,1160.38,1158.35,0.175,20.0,0.035,1,2026-07-31,2026-08-04,True,False,5.0,2026-08-04T12:56:22+05:30
BAYERCROP,4231.78,V,2.05,above,4318.6,4231.78,4229.17,4231.78,4226.55,0.124,20.3,0.031,1,2026-07-31,2026-08-04,True,False,5.0,2026-08-04T12:56:22+05:30
FORTIS,945.72,V,-1.63,below,930.3,945.72,946.43,947.15,945.72,0.151,20.3,0.031,1,2026-07-31,2026-08-04,True,False,5.0,2026-08-04T12:56:22+05:30
BBTC,1495.97,V,1.29,above,1515.2,1495.97,1494.83,1495.97,1493.7,0.152,20.5,0.032,1,2026-07-31,2026-08-04,True,False,5.0,2026-08-04T12:56:22+05:30
TORNTPOWER,1414.55,V,-4.34,below,1353.1,1414.55,1415.8,1417.05,1414.55,0.177,20.5,0.031,1,2026-07-31,2026-08-04,True,False,5.0,2026-08-04T12:56:22+05:30
AUROPHARMA,1577.30,V,-1.86,below,1548.0,1577.3,1578.27,1579.23,1577.3,0.122,20.8,0.038,1,2026-07-31,2026-08-04,True,False,5.0,2026-08-04T12:56:22+05:30
UNOMINDA,1179.60,V,5.02,above,1238.8,1179.6,1178.7,1179.6,1177.8,0.153,21.1,0.05,1,2026-07-31,2026-08-04,True,False,5.0,2026-08-04T12:56:22+05:30
BELRISE,237.44,V,1.23,above,240.37,237.44,237.21,237.44,236.97,0.201,21.6,0.038,1,2026-07-31,2026-08-04,True,False,5.0,2026-08-04T12:56:22+05:30
DOMS,2254.95,V,-2.16,below,2206.3,2254.95,2256.63,2258.32,2254.95,0.149,21.6,0.027,1,2026-07-31,2026-08-04,True,False,5.0,2026-08-04T12:56:22+05:30
SUPREMEIND,3462.12,V,1.9,above,3527.9,3462.12,3458.83,3462.12,3455.55,0.19,21.6,0.04,1,2026-07-31,2026-08-04,True,False,5.0,2026-08-04T12:56:22+05:30
GODREJIND,1316.45,V,0.61,above,1324.5,1316.45,1315.3,1316.45,1314.15,0.175,21.9,0.047,1,2026-07-31,2026-08-04,True,False,5.0,2026-08-04T12:56:22+05:30
HOMEFIRST,1190.10,V,-1.93,below,1167.1,1190.1,1191.2,1192.3,1190.1,0.185,22.2,0.044,1,2026-07-31,2026-08-04,True,False,5.0,2026-08-04T12:56:22+05:30
LUPIN,2416.50,V,-1.31,below,2384.9,2416.5,2418.0,2419.5,2416.5,0.124,22.2,0.028,1,2026-07-31,2026-08-04,True,False,5.0,2026-08-04T12:56:22+05:30
SBIN,1028.90,V,0.57,above,1034.8,1028.9,1028.4,1028.9,1027.9,0.097,22.5,0.011,1,2026-07-31,2026-08-04,True,False,5.0,2026-08-04T12:56:22+05:30
CARBORUNIV,1066.60,V,1.71,above,1084.8,1066.6,1065.67,1066.6,1064.73,0.175,22.7,0.029,1,2026-07-31,2026-08-04,True,False,5.0,2026-08-04T12:56:22+05:30
TEGA,1490.05,V,6.84,above,1592.0,1490.05,1488.53,1490.05,1487.02,0.204,23.0,0.043,1,2026-07-31,2026-08-04,True,False,5.0,2026-08-04T12:56:22+05:30
JUBLFOOD,437.83,V,5.96,above,463.95,437.83,437.42,437.83,437.0,0.191,23.3,0.018,1,2026-07-31,2026-08-04,True,False,5.0,2026-08-04T12:56:22+05:30
CIPLA,1470.55,V,-0.8,below,1458.8,1470.55,1471.43,1472.32,1470.55,0.12,23.6,0.022,1,2026-07-31,2026-08-04,True,False,5.0,2026-08-04T12:56:22+05:30
INDIANB,835.82,V,0.51,above,840.05,835.82,835.13,835.82,834.45,0.164,23.6,0.029,1,2026-07-31,2026-08-04,True,False,5.0,2026-08-04T12:56:22+05:30
RHIM,389.75,V,5.5,above,411.2,389.75,389.35,389.75,388.95,0.205,23.6,0.029,1,2026-07-31,2026-08-04,True,False,5.0,2026-08-04T12:56:22+05:30
HINDPETRO,389.42,V,0.79,above,392.5,389.42,389.08,389.42,388.75,0.171,23.8,0.034,1,2026-07-31,2026-08-04,True,False,5.0,2026-08-04T12:56:22+05:30
JUBLINGREA,734.84,V,2.16,above,750.75,734.84,733.98,734.84,733.12,0.234,24.7,0.036,1,2026-07-31,2026-08-04,True,False,5.0,2026-08-04T12:56:22+05:30
MOTILALOFS,850.86,V,1.9,above,867.0,850.86,849.77,850.86,848.67,0.257,24.9,0.045,1,2026-07-31,2026-08-04,True,False,5.0,2026-08-04T12:56:22+05:30
OLECTRA,1329.40,V,0.99,above,1342.6,1329.4,1327.67,1329.4,1325.93,0.261,25.8,0.034,1,2026-07-31,2026-08-04,True,False,5.0,2026-08-04T12:56:22+05:30
BLS,239.10,V,4.41,above,249.64,239.1,238.8,239.1,238.5,0.251,26.0,0.033,1,2026-07-31,2026-08-04,True,False,5.0,2026-08-04T12:56:22+05:30
LTF,310.95,V,1.8,above,316.55,310.95,310.65,310.95,310.35,0.193,26.0,0.028,1,2026-07-31,2026-08-04,True,False,5.0,2026-08-04T12:56:22+05:30
RECLTD,372.00,V,-0.52,below,370.05,372.0,372.32,372.63,372.0,0.17,26.3,0.016,1,2026-07-31,2026-08-04,True,False,5.0,2026-08-04T12:56:22+05:30
LINDEINDIA,6739.42,V,6.4,above,7171.0,6739.42,6733.83,6739.42,6728.25,0.166,26.6,0.024,1,2026-07-31,2026-08-04,True,False,5.0,2026-08-04T12:56:22+05:30
PHOENIXLTD,1899.25,V,3.21,above,1960.3,1899.25,1897.27,1899.25,1895.28,0.209,27.1,0.047,1,2026-07-31,2026-08-04,True,False,5.0,2026-08-04T12:56:22+05:30
SIGNATURE,819.58,V,0.97,above,827.55,819.58,818.72,819.58,817.85,0.212,27.1,0.03,1,2026-07-31,2026-08-04,True,False,5.0,2026-08-04T12:56:22+05:30
BANKBARODA,243.30,V,1.22,above,246.27,243.3,243.07,243.3,242.83,0.192,27.4,0.012,1,2026-07-31,2026-08-04,True,False,5.0,2026-08-04T12:56:22+05:30
KARURVYSYA,343.68,V,0.47,above,345.3,343.68,343.27,343.68,342.86,0.238,27.7,0.038,1,2026-07-31,2026-08-04,True,False,5.0,2026-08-04T12:56:22+05:30
NAVA,555.65,V,4.11,above,578.5,555.65,554.92,555.65,554.18,0.264,27.7,0.037,1,2026-07-31,2026-08-04,True,False,5.0,2026-08-04T12:56:22+05:30
LT,3948.15,V,2.03,above,4028.3,3948.15,3945.07,3948.15,3941.98,0.156,28.8,0.024,1,2026-07-31,2026-08-04,True,False,5.0,2026-08-04T12:56:22+05:30
SARDAEN,515.87,V,0.79,above,519.95,515.87,515.13,515.87,514.4,0.285,29.0,0.028,1,2026-07-31,2026-08-04,True,False,5.0,2026-08-04T12:56:22+05:30
TBOTEK,1537.70,V,5.78,above,1626.6,1537.7,1535.53,1537.7,1533.37,0.282,29.0,0.033,1,2026-07-31,2026-08-04,True,False,5.0,2026-08-04T12:56:22+05:30
AEGISVOPAK,291.74,V,2.13,above,297.95,291.74,291.21,291.74,290.69,0.361,29.7,0.038,1,2026-07-31,2026-08-04,True,False,5.0,2026-08-04T12:56:22+05:30
IOC,140.04,V,1.61,above,142.29,140.04,139.91,140.04,139.78,0.188,29.9,0.021,1,2026-07-31,2026-08-04,True,False,5.0,2026-08-04T12:56:22+05:30
CROMPTON,261.02,V,2.48,above,267.5,261.02,260.75,261.02,260.48,0.211,30.7,0.025,1,2026-07-31,2026-08-04,True,False,5.0,2026-08-04T12:56:22+05:30
CYIENT,846.67,V,2.66,above,869.2,846.67,845.63,846.67,844.6,0.244,31.2,0.024,1,2026-07-31,2026-08-04,True,False,5.0,2026-08-04T12:56:22+05:30
ASIANPAINT,2753.65,V,0.55,above,2768.9,2753.65,2751.53,2753.65,2749.42,0.154,31.5,0.021,1,2026-07-31,2026-08-04,True,False,5.0,2026-08-04T12:56:22+05:30
NTPCGREEN,90.33,V,0.68,above,90.94,90.33,90.23,90.33,90.13,0.222,31.5,0.018,1,2026-07-31,2026-08-04,True,False,5.0,2026-08-04T12:56:22+05:30
RADICO,4355.50,V,2.3,above,4455.8,4355.5,4350.6,4355.5,4345.7,0.225,31.5,0.021,1,2026-07-31,2026-08-04,True,False,5.0,2026-08-04T12:56:22+05:30
GRAVITA,1614.10,V,2.27,above,1650.8,1614.1,1611.8,1614.1,1609.5,0.285,31.8,0.033,1,2026-07-31,2026-08-04,True,False,5.0,2026-08-04T12:56:22+05:30
AXISBANK,1232.85,V,1.25,above,1248.3,1232.85,1231.73,1232.85,1230.62,0.181,32.1,0.024,1,2026-07-31,2026-08-04,True,False,5.0,2026-08-04T12:56:22+05:30
GODREJPROP,2108.82,V,-2.59,below,2054.2,2108.82,2111.93,2115.05,2108.82,0.295,32.1,0.048,1,2026-07-31,2026-08-04,True,False,5.0,2026-08-04T12:56:22+05:30
EMCURE,1957.23,V,0.69,above,1970.7,1957.23,1954.37,1957.23,1951.5,0.293,32.3,0.031,1,2026-07-31,2026-08-04,True,False,5.0,2026-08-04T12:56:22+05:30
NYKAA,334.52,V,0.93,above,337.65,334.52,334.15,334.52,333.77,0.224,32.3,0.027,1,2026-07-31,2026-08-04,True,False,5.0,2026-08-04T12:56:22+05:30
ATHERENERG,1257.98,V,16.35,above,1463.7,1257.98,1255.67,1257.98,1253.35,0.369,32.4,0.056,1,2026-07-31,2026-08-04,True,False,5.0,2026-08-04T12:56:22+05:30
CHOLAHLDNG,1532.02,V,1.15,above,1549.6,1532.02,1529.83,1532.02,1527.65,0.285,32.6,0.026,1,2026-07-31,2026-08-04,True,False,5.0,2026-08-04T12:56:22+05:30
PNB,112.59,V,0.84,above,113.53,112.59,112.47,112.59,112.35,0.216,32.6,0.035,1,2026-07-31,2026-08-04,True,False,5.0,2026-08-04T12:56:22+05:30
LEMONTREE,109.73,V,3.19,above,113.23,109.73,109.59,109.73,109.44,0.262,33.2,0.029,1,2026-07-31,2026-08-04,True,False,5.0,2026-08-04T12:56:22+05:30
UTIAMC,906.98,V,0.86,above,914.8,906.98,905.68,906.98,904.39,0.285,33.2,0.043,1,2026-07-31,2026-08-04,True,False,5.0,2026-08-04T12:56:22+05:30
ANGELONE,297.38,V,1.3,above,301.25,297.38,296.8,297.38,296.23,0.387,34.0,0.029,1,2026-07-31,2026-08-04,True,False,5.0,2026-08-04T12:56:22+05:30
HAL,4641.02,V,0.15,above,4648.0,4641.02,4635.53,4641.02,4630.05,0.237,34.0,0.038,1,2026-07-31,2026-08-04,True,False,5.0,2026-08-04T12:56:22+05:30
SAILIFE,1320.80,V,2.82,above,1358.1,1320.8,1318.9,1320.8,1317.0,0.288,34.0,0.042,1,2026-07-31,2026-08-04,True,False,5.0,2026-08-04T12:56:22+05:30
DEEPAKFERT,1560.00,V,4.48,above,1629.9,1560.0,1557.6,1560.0,1555.2,0.308,34.8,0.044,1,2026-07-31,2026-08-04,True,False,5.0,2026-08-04T12:56:22+05:30
WELCORP,1658.00,V,4.81,above,1737.8,1658.0,1655.53,1658.0,1653.07,0.298,34.8,0.051,1,2026-07-31,2026-08-04,True,False,5.0,2026-08-04T12:56:22+05:30
ASAHIINDIA,880.55,V,1.7,above,895.5,880.55,879.22,880.55,877.88,0.303,35.1,0.045,1,2026-07-31,2026-08-04,True,False,5.0,2026-08-04T12:56:22+05:30
ITI,276.25,V,2.28,above,282.55,276.25,275.8,276.25,275.35,0.326,35.6,0.035,1,2026-07-31,2026-08-04,True,False,5.0,2026-08-04T12:56:22+05:30
UCOBANK,26.14,V,0.32,above,26.22,26.14,26.1,26.14,26.07,0.255,35.6,0.013,1,2026-07-31,2026-08-04,True,False,5.0,2026-08-04T12:56:22+05:30
NATIONALUM,351.70,V,6.58,above,374.85,351.7,351.15,351.7,350.6,0.313,36.2,0.041,1,2026-07-31,2026-08-04,True,False,5.0,2026-08-04T12:56:22+05:30
ANANTRAJ,623.15,V,1.17,above,630.45,623.15,621.8,623.15,620.45,0.434,36.7,0.078,1,2026-07-31,2026-08-04,True,False,5.0,2026-08-04T12:56:22+05:30
TCS,2363.25,V,3.69,above,2450.4,2363.25,2360.9,2363.25,2358.55,0.199,36.7,0.029,1,2026-07-31,2026-08-04,True,False,5.0,2026-08-04T12:56:22+05:30
RVNL,225.09,V,2.87,above,231.55,225.09,224.7,225.09,224.31,0.347,37.3,0.034,1,2026-07-31,2026-08-04,True,False,5.0,2026-08-04T12:56:22+05:30
PIIND,2760.65,V,1.54,above,2803.2,2760.65,2757.5,2760.65,2754.35,0.228,37.5,0.032,1,2026-07-31,2026-08-04,True,False,5.0,2026-08-04T12:56:22+05:30
COCHINSHIP,1420.48,V,1.33,above,1439.4,1420.48,1417.97,1420.48,1415.45,0.355,37.8,0.043,1,2026-07-31,2026-08-04,True,False,5.0,2026-08-04T12:56:22+05:30
URBANCO,130.32,V,9.45,above,142.63,130.32,130.01,130.32,129.7,0.477,38.5,0.045,1,2026-07-31,2026-08-04,True,False,5.0,2026-08-04T12:56:22+05:30
HFCL,193.43,V,6.42,above,205.85,193.43,192.95,193.43,192.46,0.503,38.6,0.028,1,2026-07-31,2026-08-04,True,False,5.0,2026-08-04T12:56:22+05:30
SHRIRAMFIN,1045.08,V,3.35,above,1080.1,1045.08,1043.47,1045.08,1041.85,0.31,38.6,0.038,1,2026-07-31,2026-08-04,True,False,5.0,2026-08-04T12:56:22+05:30
APOLLOHOSP,8965.92,V,-1.2,below,8858.5,8965.92,8974.83,8983.75,8965.92,0.199,39.2,0.017,1,2026-07-31,2026-08-04,True,False,5.0,2026-08-04T12:56:22+05:30
PAGEIND,40425.00,V,-0.66,below,40160.0,40425.0,40475.0,40525.0,40425.0,0.247,39.2,0.027,1,2026-07-31,2026-08-04,True,False,5.0,2026-08-04T12:56:22+05:30
HONASA,452.03,V,1.72,above,459.8,452.03,451.2,452.03,450.37,0.366,40.0,0.056,1,2026-07-31,2026-08-04,True,False,5.0,2026-08-04T12:56:22+05:30
ADANIGREEN,1380.33,V,1.28,above,1398.0,1380.33,1377.67,1380.33,1375.0,0.387,40.3,0.04,1,2026-07-31,2026-08-04,True,False,5.0,2026-08-04T12:56:22+05:30
AFCONS,272.33,V,3.42,above,281.65,272.33,271.93,272.33,271.54,0.288,40.3,0.024,1,2026-07-31,2026-08-04,True,False,5.0,2026-08-04T12:56:22+05:30
HAVELLS,1265.40,V,1.45,above,1283.7,1265.4,1263.83,1265.4,1262.27,0.248,40.3,0.019,1,2026-07-31,2026-08-04,True,False,5.0,2026-08-04T12:56:22+05:30
TIMKEN,3140.20,V,2.84,above,3229.3,3140.2,3135.0,3140.2,3129.8,0.332,40.3,0.05,1,2026-07-31,2026-08-04,True,False,5.0,2026-08-04T12:56:22+05:30
WIPRO,183.44,V,2.38,above,187.81,183.44,183.24,183.44,183.04,0.224,40.3,0.013,1,2026-07-31,2026-08-04,True,False,5.0,2026-08-04T12:56:22+05:30
NAUKRI,1224.18,V,2.67,above,1256.9,1224.18,1222.12,1224.18,1220.05,0.338,40.5,0.023,1,2026-07-31,2026-08-04,True,False,5.0,2026-08-04T12:56:22+05:30
GICRE,358.10,V,0.43,above,359.65,358.1,357.6,358.1,357.1,0.28,40.8,0.032,1,2026-07-31,2026-08-04,True,False,5.0,2026-08-04T12:56:22+05:30
HUDCO,196.19,V,0.51,above,197.2,196.19,195.83,196.19,195.46,0.371,41.4,0.036,1,2026-07-31,2026-08-04,True,False,5.0,2026-08-04T12:56:22+05:30
PTCIL,17830.50,V,1.93,above,18175.0,17830.5,17799.33,17830.5,17768.17,0.35,41.6,0.028,1,2026-07-31,2026-08-04,True,False,5.0,2026-08-04T12:56:22+05:30
NHPC,78.62,V,2.7,above,80.74,78.62,78.5,78.62,78.39,0.293,41.9,0.035,1,2026-07-31,2026-08-04,True,False,5.0,2026-08-04T12:56:22+05:30
POLYMED,1698.50,V,1.65,above,1726.5,1698.5,1695.0,1698.5,1691.5,0.413,42.7,0.056,1,2026-07-31,2026-08-04,True,False,5.0,2026-08-04T12:56:22+05:30
TATAPOWER,380.22,V,0.28,above,381.3,380.22,379.73,380.22,379.25,0.255,43.0,0.023,1,2026-07-31,2026-08-04,True,False,5.0,2026-08-04T12:56:22+05:30
CARTRADE,2745.35,V,1.81,above,2795.0,2745.35,2736.77,2745.35,2728.18,0.627,43.8,0.052,1,2026-07-31,2026-08-04,True,False,5.0,2026-08-04T12:56:22+05:30
COFORGE,1713.42,V,1.5,above,1739.2,1713.42,1709.85,1713.42,1706.27,0.418,44.4,0.032,1,2026-07-31,2026-08-04,True,False,5.0,2026-08-04T12:56:22+05:30
INDUSINDBK,1010.68,V,0.78,above,1018.6,1010.68,1008.92,1010.68,1007.15,0.35,44.4,0.031,1,2026-07-31,2026-08-04,True,False,5.0,2026-08-04T12:56:22+05:30
UNITDSPR,1522.80,V,0.6,above,1531.9,1522.8,1520.5,1522.8,1518.2,0.303,44.4,0.035,1,2026-07-31,2026-08-04,True,False,5.0,2026-08-04T12:56:22+05:30
LTFOODS,409.50,V,2.52,above,419.8,409.5,408.65,409.5,407.8,0.416,44.7,0.036,1,2026-07-31,2026-08-04,True,False,5.0,2026-08-04T12:56:22+05:30
ACC,1362.35,V,1.77,above,1386.4,1362.35,1360.7,1362.35,1359.05,0.243,44.9,0.033,1,2026-07-31,2026-08-04,True,False,5.0,2026-08-04T12:56:22+05:30
ACE,1068.12,V,4.18,above,1112.8,1068.12,1065.93,1068.12,1063.75,0.41,45.2,0.049,1,2026-07-31,2026-08-04,True,False,5.0,2026-08-04T12:56:22+05:30
YESBANK,22.74,V,0.77,above,22.91,22.74,22.7,22.74,22.66,0.308,45.8,0.04,1,2026-07-31,2026-08-04,True,False,5.0,2026-08-04T12:56:22+05:30
TMPV,339.24,V,2.02,above,346.1,339.24,338.73,339.24,338.23,0.3,46.0,0.02,1,2026-07-31,2026-08-04,True,False,5.0,2026-08-04T12:56:22+05:30
MAZDOCK,2376.30,V,0.37,above,2385.1,2376.3,2370.8,2376.3,2365.3,0.464,46.8,0.045,1,2026-07-31,2026-08-04,True,False,5.0,2026-08-04T12:56:22+05:30
PRESTIGE,1612.37,V,0.08,above,1613.6,1612.37,1608.53,1612.37,1604.7,0.477,47.9,0.055,1,2026-07-31,2026-08-04,True,False,5.0,2026-08-04T12:56:22+05:30
GLAND,2517.95,V,4.11,above,2621.4,2517.95,2512.93,2517.95,2507.92,0.399,48.8,0.04,1,2026-07-31,2026-08-04,True,False,5.0,2026-08-04T12:56:22+05:30
TRITURBINE,605.27,V,3.16,above,624.4,605.27,604.08,605.27,602.89,0.395,49.0,0.021,1,2026-07-31,2026-08-04,True,False,5.0,2026-08-04T12:56:22+05:30
ICICIGI,1631.55,V,0.24,above,1635.4,1631.55,1628.93,1631.55,1626.32,0.321,49.9,0.024,1,2026-07-31,2026-08-04,True,False,5.0,2026-08-04T12:56:22+05:30
CANHLIFE,147.45,V,1.31,above,149.38,147.45,147.12,147.45,146.78,0.453,50.3,0.016,1,2026-07-31,2026-08-04,True,False,5.0,2026-08-04T12:56:22+05:30
BLUEJET,620.02,V,-4.89,below,589.7,620.02,622.1,624.17,620.02,0.667,50.4,0.042,1,2026-07-31,2026-08-04,True,False,5.0,2026-08-04T12:56:22+05:30
LICI,422.97,V,-7.03,below,393.25,422.97,423.55,424.13,422.97,0.272,51.0,0.031,1,2026-07-31,2026-08-04,True,False,5.0,2026-08-04T12:56:22+05:30
SUNTV,509.70,V,-1.43,below,502.4,509.7,510.75,511.8,509.7,0.411,51.0,0.024,1,2026-07-31,2026-08-04,True,False,5.0,2026-08-04T12:56:22+05:30
GRASIM,3114.25,V,0.85,above,3140.8,3114.25,3109.77,3114.25,3105.28,0.288,52.1,0.017,1,2026-07-31,2026-08-04,True,False,5.0,2026-08-04T12:56:22+05:30
MFSL,1507.45,V,1.06,above,1523.4,1507.45,1504.63,1507.45,1501.82,0.374,52.1,0.019,1,2026-07-31,2026-08-04,True,False,5.0,2026-08-04T12:56:22+05:30
PPLPHARMA,197.00,V,1.01,above,198.98,197.0,196.53,197.0,196.07,0.47,52.3,0.044,1,2026-07-31,2026-08-04,True,False,5.0,2026-08-04T12:56:22+05:30
OLAELEC,38.53,V,0.97,above,38.9,38.53,38.39,38.53,38.26,0.703,52.6,0.073,1,2026-07-31,2026-08-04,True,False,5.0,2026-08-04T12:56:22+05:30
NUVAMA,1808.42,V,-5.44,below,1710.0,1808.42,1813.03,1817.65,1808.42,0.509,52.9,0.025,1,2026-07-31,2026-08-04,True,False,5.0,2026-08-04T12:56:22+05:30
STARHEALTH,602.30,V,-1.41,below,593.8,602.3,603.6,604.9,602.3,0.431,52.9,0.026,1,2026-07-31,2026-08-04,True,False,5.0,2026-08-04T12:56:22+05:30
HINDALCO,979.52,V,2.33,above,1002.3,979.52,977.83,979.52,976.14,0.346,53.2,0.011,1,2026-07-31,2026-08-04,True,False,5.0,2026-08-04T12:56:22+05:30
KIRLOSENG,2210.00,V,1.14,above,2235.1,2210.0,2203.27,2210.0,2196.53,0.611,53.4,0.035,1,2026-07-31,2026-08-04,True,False,5.0,2026-08-04T12:56:22+05:30
CHENNPETRO,1256.45,V,5.18,above,1321.5,1256.45,1252.3,1256.45,1248.15,0.663,54.0,0.027,1,2026-07-31,2026-08-04,True,False,5.0,2026-08-04T12:56:22+05:30
VEDL,266.00,V,0.83,above,268.2,266.0,265.42,266.0,264.83,0.44,54.2,0.03,1,2026-07-31,2026-08-04,True,False,5.0,2026-08-04T12:56:22+05:30
INDGN,518.43,V,8.71,above,563.6,518.43,517.33,518.43,516.24,0.422,54.5,0.022,1,2026-07-31,2026-08-04,True,False,5.0,2026-08-04T12:56:22+05:30
PFOCUS,285.78,V,5.85,above,302.5,285.78,284.45,285.78,283.11,0.936,54.8,0.05,1,2026-07-31,2026-08-04,True,False,5.0,2026-08-04T12:56:22+05:30
MINDACORP,706.00,V,2.04,above,720.4,706.0,704.32,706.0,702.63,0.478,55.3,0.035,1,2026-07-31,2026-08-04,True,False,5.0,2026-08-04T12:56:22+05:30
SUZLON,47.89,V,0.56,above,48.16,47.89,47.77,47.89,47.66,0.495,55.3,0.033,1,2026-07-31,2026-08-04,True,False,5.0,2026-08-04T12:56:22+05:30
LTM,4352.92,V,5.21,above,4579.6,4352.92,4343.73,4352.92,4334.55,0.423,55.6,0.032,1,2026-07-31,2026-08-04,True,False,5.0,2026-08-04T12:56:22+05:30
RITES,215.55,V,1.04,above,217.8,215.55,215.06,215.55,214.58,0.453,55.6,0.025,1,2026-07-31,2026-08-04,True,False,5.0,2026-08-04T12:56:22+05:30
JKTYRE,403.07,V,2.02,above,411.2,403.07,401.97,403.07,400.86,0.551,56.2,0.045,1,2026-07-31,2026-08-04,True,False,5.0,2026-08-04T12:56:22+05:30
AMBUJACEM,434.60,V,1.28,above,440.15,434.6,433.8,434.6,433.0,0.369,56.4,0.035,1,2026-07-31,2026-08-04,True,False,5.0,2026-08-04T12:56:22+05:30
IRCTC,492.35,V,3.71,above,510.6,492.35,491.5,492.35,490.65,0.346,56.4,0.034,1,2026-07-31,2026-08-04,True,False,5.0,2026-08-04T12:56:22+05:30
TECHNOE,977.27,V,1.14,above,988.45,977.27,974.23,977.27,971.2,0.623,56.7,0.051,1,2026-07-31,2026-08-04,True,False,5.0,2026-08-04T12:56:22+05:30
LGEINDIA,1499.30,V,3.9,above,1557.7,1499.3,1496.37,1499.3,1493.43,0.392,57.0,0.009,1,2026-07-31,2026-08-04,True,False,5.0,2026-08-04T12:56:22+05:30
BAJAJ-AUTO,11500.25,V,0.85,above,11598.0,11500.25,11480.0,11500.25,11459.75,0.353,57.3,0.028,1,2026-07-31,2026-08-04,True,False,5.0,2026-08-04T12:56:22+05:30
ZENTEC,1639.05,V,3.12,above,1690.2,1639.05,1634.1,1639.05,1629.15,0.606,57.3,0.015,1,2026-07-31,2026-08-04,True,False,5.0,2026-08-04T12:56:22+05:30
TEJASNET,518.03,V,3.06,above,533.9,518.03,516.35,518.03,514.68,0.649,57.5,0.042,1,2026-07-31,2026-08-04,True,False,5.0,2026-08-04T12:56:22+05:30
IPCALAB,1752.08,V,-2.07,below,1715.9,1752.08,1756.37,1760.65,1752.08,0.488,57.8,0.032,1,2026-07-31,2026-08-04,True,False,5.0,2026-08-04T12:56:22+05:30
SPLPETRO,711.08,V,1.26,above,720.05,711.08,709.0,711.08,706.92,0.585,57.8,0.04,1,2026-07-31,2026-08-04,True,False,5.0,2026-08-04T12:56:22+05:30
APARINDS,14297.17,V,6.79,above,15268.0,14297.17,14246.33,14297.17,14195.5,0.714,58.6,0.054,1,2026-07-31,2026-08-04,True,False,5.0,2026-08-04T12:56:22+05:30
SIEMENS,3751.75,V,7.22,above,4022.5,3751.75,3743.5,3751.75,3735.25,0.441,58.6,0.024,1,2026-07-31,2026-08-04,True,False,5.0,2026-08-04T12:56:22+05:30
TATATECH,746.04,V,2.1,above,761.7,746.04,744.43,746.04,742.83,0.432,59.5,0.033,1,2026-07-31,2026-08-04,True,False,5.0,2026-08-04T12:56:22+05:30
DELHIVERY,478.20,V,-1.38,below,471.6,478.2,479.45,480.7,478.2,0.521,60.0,0.019,1,2026-07-31,2026-08-04,True,False,5.0,2026-08-04T12:56:22+05:30
BPCL,318.97,V,1.44,above,323.55,318.97,318.18,318.97,317.4,0.492,60.5,0.021,1,2026-07-31,2026-08-04,True,False,5.0,2026-08-04T12:56:22+05:30
CREDITACC,1598.03,V,-2.67,below,1555.3,1598.03,1603.27,1608.5,1598.03,0.653,60.8,0.035,1,2026-07-31,2026-08-04,True,False,5.0,2026-08-04T12:56:22+05:30
VMM,107.94,V,3.39,above,111.6,107.94,107.66,107.94,107.38,0.523,61.4,0.026,1,2026-07-31,2026-08-04,True,False,5.0,2026-08-04T12:56:22+05:30
CCL,1158.28,V,-3.05,below,1122.9,1158.28,1161.27,1164.25,1158.28,0.514,61.6,0.015,1,2026-07-31,2026-08-04,True,False,5.0,2026-08-04T12:56:22+05:30
CHAMBLFERT,442.23,V,3.18,above,456.3,442.23,441.12,442.23,440.01,0.503,61.6,0.035,1,2026-07-31,2026-08-04,True,False,5.0,2026-08-04T12:56:22+05:30
OIL,455.30,V,-1.74,below,447.4,455.3,456.4,457.5,455.3,0.482,61.6,0.021,1,2026-07-31,2026-08-04,True,False,5.0,2026-08-04T12:56:22+05:30
DATAPATTNS,4262.08,V,7.56,above,4584.1,4262.08,4243.17,4262.08,4224.25,0.892,61.9,0.075,1,2026-07-31,2026-08-04,True,False,5.0,2026-08-04T12:56:22+05:30
EMMVEE,316.14,V,1.85,above,322.0,316.14,314.68,316.14,313.23,0.927,62.7,0.044,1,2026-07-31,2026-08-04,True,False,5.0,2026-08-04T12:56:22+05:30
PIDILITIND,1619.45,V,1.13,above,1637.7,1619.45,1616.77,1619.45,1614.08,0.332,62.7,0.025,1,2026-07-31,2026-08-04,True,False,5.0,2026-08-04T12:56:22+05:30
ALKEM,5762.33,V,-1.68,below,5665.5,5762.33,5773.17,5784.0,5762.33,0.375,63.0,0.026,1,2026-07-31,2026-08-04,True,False,5.0,2026-08-04T12:56:22+05:30
ATUL,6787.25,V,0.48,above,6819.5,6787.25,6770.33,6787.25,6753.42,0.5,63.3,0.016,1,2026-07-31,2026-08-04,True,False,5.0,2026-08-04T12:56:22+05:30
MOTHERSON,150.30,V,0.58,above,151.18,150.3,149.86,150.3,149.41,0.596,63.3,0.033,1,2026-07-31,2026-08-04,True,False,5.0,2026-08-04T12:56:22+05:30
BLUESTARCO,1696.55,V,0.82,above,1710.4,1696.55,1691.43,1696.55,1686.32,0.605,64.1,0.046,1,2026-07-31,2026-08-04,True,False,5.0,2026-08-04T12:56:22+05:30
JSWENERGY,552.95,V,2.76,above,568.2,552.95,551.25,552.95,549.55,0.617,64.9,0.028,1,2026-07-31,2026-08-04,True,False,5.0,2026-08-04T12:56:22+05:30
PARADEEP,148.00,V,-1.42,below,145.89,148.0,148.67,149.33,148.0,0.899,64.9,0.04,1,2026-07-31,2026-08-04,True,False,5.0,2026-08-04T12:56:22+05:30
COROMANDEL,2067.07,V,2.61,above,2121.0,2067.07,2060.53,2067.07,2054.0,0.634,65.2,0.04,1,2026-07-31,2026-08-04,True,False,5.0,2026-08-04T12:56:22+05:30
PINELABS,140.89,V,9.4,above,154.14,140.89,140.25,140.89,139.61,0.915,65.4,0.053,1,2026-07-31,2026-08-04,True,False,5.0,2026-08-04T12:56:22+05:30
ERIS,1366.45,V,0.26,above,1370.0,1366.45,1362.53,1366.45,1358.62,0.575,65.5,0.033,1,2026-07-31,2026-08-04,True,False,5.0,2026-08-04T12:56:22+05:30
HEROMOTOCO,5372.70,V,4.07,above,5591.5,5372.7,5359.4,5372.7,5346.1,0.496,65.8,0.017,1,2026-07-31,2026-08-04,True,False,5.0,2026-08-04T12:56:22+05:30
INDIGO,5209.75,V,2.61,above,5345.5,5209.75,5196.83,5209.75,5183.92,0.497,66.3,0.023,1,2026-07-31,2026-08-04,True,False,5.0,2026-08-04T12:56:22+05:30
GABRIEL,1435.43,V,9.04,above,1565.2,1435.43,1429.07,1435.43,1422.7,0.891,66.8,0.033,1,2026-07-31,2026-08-04,True,False,5.0,2026-08-04T12:56:22+05:30
INFY,1127.82,V,2.63,above,1157.5,1127.82,1125.53,1127.82,1123.25,0.406,66.8,0.029,1,2026-07-31,2026-08-04,True,False,5.0,2026-08-04T12:56:22+05:30
PNBHOUSING,1049.98,V,1.43,above,1065.0,1049.98,1046.87,1049.98,1043.75,0.595,67.1,0.027,1,2026-07-31,2026-08-04,True,False,5.0,2026-08-04T12:56:22+05:30
ADANIENT,3034.95,V,0.3,above,3044.0,3034.95,3026.47,3034.95,3017.98,0.561,67.4,0.026,1,2026-07-31,2026-08-04,True,False,5.0,2026-08-04T12:56:22+05:30
PATANJALI,356.90,V,0.87,above,360.0,356.9,356.13,356.9,355.37,0.431,67.7,0.019,1,2026-07-31,2026-08-04,True,False,5.0,2026-08-04T12:56:22+05:30
ENRIN,3220.52,V,3.3,above,3326.7,3220.52,3210.23,3220.52,3199.95,0.641,67.9,0.025,1,2026-07-31,2026-08-04,True,False,5.0,2026-08-04T12:56:22+05:30
AIAENG,4578.67,V,2.21,above,4679.8,4578.67,4566.33,4578.67,4554.0,0.54,68.5,0.041,1,2026-07-31,2026-08-04,True,False,5.0,2026-08-04T12:56:22+05:30
ZFCVINDIA,2410.52,V,3.63,above,2498.0,2410.52,2403.13,2410.52,2395.75,0.614,69.6,0.038,1,2026-07-31,2026-08-04,True,False,5.0,2026-08-04T12:56:22+05:30
CHALET,808.73,V,2.64,above,830.1,808.73,806.05,808.73,803.38,0.664,69.9,0.023,1,2026-07-31,2026-08-04,True,False,5.0,2026-08-04T12:56:22+05:30
FACT,823.78,V,2.67,above,845.8,823.78,820.92,823.78,818.05,0.698,69.9,0.059,1,2026-07-31,2026-08-04,True,False,5.0,2026-08-04T12:56:22+05:30
CIEINDIA,412.18,V,0.78,above,415.4,412.18,410.98,412.18,409.79,0.58,70.4,0.029,1,2026-07-31,2026-08-04,True,False,5.0,2026-08-04T12:56:22+05:30
GESHIP,1364.45,V,5.53,above,1439.9,1364.45,1359.77,1364.45,1355.08,0.689,70.4,0.043,1,2026-07-31,2026-08-04,True,False,5.0,2026-08-04T12:56:22+05:30
JPPOWER,18.21,V,3.07,above,18.77,18.21,18.13,18.21,18.06,0.864,71.2,0.037,1,2026-07-31,2026-08-04,True,False,5.0,2026-08-04T12:56:22+05:30
LATENTVIEW,312.65,V,-4.81,below,297.6,312.65,313.83,315.02,312.65,0.754,71.5,0.035,1,2026-07-31,2026-08-04,True,False,5.0,2026-08-04T12:56:22+05:30
ANTHEM,806.48,V,3.21,above,832.35,806.48,803.75,806.48,801.02,0.678,71.7,0.042,1,2026-07-31,2026-08-04,True,False,5.0,2026-08-04T12:56:22+05:30
CPPLUS,3374.32,V,3.78,above,3502.0,3374.32,3357.63,3374.32,3340.95,0.994,72.1,0.037,1,2026-07-31,2026-08-04,True,False,5.0,2026-08-04T12:56:22+05:30
GODFRYPHLP,2163.30,V,6.97,above,2314.0,2163.3,2153.33,2163.3,2143.37,0.926,72.1,0.041,1,2026-07-31,2026-08-04,True,False,5.0,2026-08-04T12:56:22+05:30
ABB,7343.25,V,6.65,above,7831.5,7343.25,7323.67,7343.25,7304.08,0.535,72.3,0.023,1,2026-07-31,2026-08-04,True,False,5.0,2026-08-04T12:56:22+05:30
KPRMILL,1045.93,V,1.73,above,1064.0,1045.93,1042.07,1045.93,1038.2,0.742,72.6,0.054,1,2026-07-31,2026-08-04,True,False,5.0,2026-08-04T12:56:22+05:30
FLUOROCHEM,4407.80,V,3.97,above,4582.9,4407.8,4394.13,4407.8,4380.47,0.622,73.2,0.022,1,2026-07-31,2026-08-04,True,False,5.0,2026-08-04T12:56:22+05:30
HDFCAMC,2590.05,V,-1.63,below,2547.9,2590.05,2598.63,2607.22,2590.05,0.661,73.2,0.025,1,2026-07-31,2026-08-04,True,False,5.0,2026-08-04T12:56:22+05:30
IGIL,351.94,V,3.67,above,364.85,351.94,350.43,351.94,348.92,0.861,73.2,0.028,1,2026-07-31,2026-08-04,True,False,5.0,2026-08-04T12:56:22+05:30
OFSS,11149.33,V,3.55,above,11545.0,11149.33,11112.67,11149.33,11076.0,0.66,73.2,0.024,1,2026-07-31,2026-08-04,True,False,5.0,2026-08-04T12:56:22+05:30
ECLERX,1874.40,V,2.43,above,1919.9,1874.4,1864.77,1874.4,1855.13,1.033,74.5,0.039,1,2026-07-31,2026-08-04,True,False,5.0,2026-08-04T12:56:22+05:30
NH,2036.22,V,-5.8,below,1918.1,2036.22,2043.23,2050.25,2036.22,0.687,74.5,0.036,1,2026-07-31,2026-08-04,True,False,5.0,2026-08-04T12:56:22+05:30
REDINGTON,320.20,V,8.89,above,348.65,320.2,318.75,320.2,317.3,0.91,74.8,0.039,1,2026-07-31,2026-08-04,True,False,5.0,2026-08-04T12:56:22+05:30
KPITTECH,596.10,V,4.07,above,620.35,596.1,593.8,596.1,591.5,0.775,75.1,0.044,1,2026-07-31,2026-08-04,True,False,5.0,2026-08-04T12:56:22+05:30
ESCORTS,3075.53,V,1.6,above,3124.6,3075.53,3065.07,3075.53,3054.6,0.683,76.2,0.042,1,2026-07-31,2026-08-04,True,False,5.0,2026-08-04T12:56:22+05:30
KEI,4979.75,V,7.06,above,5331.4,4979.75,4960.5,4979.75,4941.25,0.776,76.7,0.026,1,2026-07-31,2026-08-04,True,False,5.0,2026-08-04T12:56:22+05:30
KAYNES,3783.40,V,1.15,above,3827.0,3783.4,3762.2,3783.4,3741.0,1.127,77.3,0.046,1,2026-07-31,2026-08-04,True,False,5.0,2026-08-04T12:56:22+05:30
BAJAJHLDNG,11298.33,V,1.2,above,11434.0,11298.33,11253.67,11298.33,11209.0,0.794,79.5,0.025,1,2026-07-31,2026-08-04,True,False,5.0,2026-08-04T12:56:22+05:30
ONESOURCE,1628.87,V,-6.35,below,1525.5,1628.87,1638.03,1647.2,1628.87,1.119,79.5,0.052,1,2026-07-31,2026-08-04,True,False,5.0,2026-08-04T12:56:22+05:30
DIVISLAB,8030.75,V,4.17,above,8365.5,8030.75,8005.5,8030.75,7980.25,0.631,79.7,0.024,1,2026-07-31,2026-08-04,True,False,5.0,2026-08-04T12:56:22+05:30
DABUR,422.63,V,-2.85,below,410.6,422.63,423.82,425.0,422.63,0.558,80.0,0.035,1,2026-07-31,2026-08-04,True,False,5.0,2026-08-04T12:56:22+05:30
AJANTPHARM,3451.47,V,2.13,above,3525.1,3451.47,3437.73,3451.47,3424.0,0.799,80.8,0.041,1,2026-07-31,2026-08-04,True,False,5.0,2026-08-04T12:56:22+05:30
SUNPHARMA,1995.70,V,-1.77,below,1960.3,1995.7,2000.9,2006.1,1995.7,0.52,81.4,0.02,1,2026-07-31,2026-08-04,True,False,5.0,2026-08-04T12:56:22+05:30
AFFLE,1606.35,V,4.25,above,1674.7,1606.35,1599.57,1606.35,1592.78,0.848,82.2,0.034,1,2026-07-31,2026-08-04,True,False,5.0,2026-08-04T12:56:22+05:30
WOCKPHARMA,1948.82,V,4.13,above,2029.4,1948.82,1937.93,1948.82,1927.05,1.123,82.2,0.06,1,2026-07-31,2026-08-04,True,False,5.0,2026-08-04T12:56:22+05:30
ADANIPORTS,1690.68,V,0.43,above,1697.9,1690.68,1684.87,1690.68,1679.05,0.69,83.0,0.021,1,2026-07-31,2026-08-04,True,False,5.0,2026-08-04T12:56:22+05:30
TATAELXSI,3657.50,V,2.26,above,3740.0,3657.5,3642.1,3657.5,3626.7,0.846,83.8,0.034,1,2026-07-31,2026-08-04,True,False,5.0,2026-08-04T12:56:22+05:30
ITC,282.92,V,1.74,above,287.85,282.92,282.28,282.92,281.64,0.455,84.4,0.021,1,2026-07-31,2026-08-04,True,False,5.0,2026-08-04T12:56:22+05:30
JYOTICNC,822.75,V,4.03,above,855.9,822.75,818.05,822.75,813.35,1.149,84.4,0.027,1,2026-07-31,2026-08-04,True,False,5.0,2026-08-04T12:56:22+05:30
RAILTEL,288.85,V,0.55,above,290.45,288.85,287.4,288.85,285.95,1.009,84.4,0.049,1,2026-07-31,2026-08-04,True,False,5.0,2026-08-04T12:56:22+05:30
NETWEB,4491.00,V,5.72,above,4747.7,4491.0,4458.0,4491.0,4425.0,1.48,84.7,0.054,1,2026-07-31,2026-08-04,True,False,5.0,2026-08-04T12:56:22+05:30
ZYDUSWELL,569.12,V,-5.91,below,535.5,569.12,571.93,574.74,569.12,0.982,84.7,0.034,1,2026-07-31,2026-08-04,True,False,5.0,2026-08-04T12:56:22+05:30
BALRAMCHIN,594.08,V,9.71,above,651.75,594.08,591.45,594.08,588.83,0.888,84.9,0.029,1,2026-07-31,2026-08-04,True,False,5.0,2026-08-04T12:56:22+05:30
CRAFTSMAN,10023.00,V,2.13,above,10236.0,10023.0,9973.17,10023.0,9923.33,0.999,85.2,0.047,1,2026-07-31,2026-08-04,True,False,5.0,2026-08-04T12:56:22+05:30
TVSMOTOR,4295.90,V,1.03,above,4340.2,4295.9,4278.7,4295.9,4261.5,0.804,85.2,0.019,1,2026-07-31,2026-08-04,True,False,5.0,2026-08-04T12:56:22+05:30
CHOICEIN,819.88,V,0.97,above,827.8,819.88,816.82,819.88,813.75,0.751,85.8,0.026,1,2026-07-31,2026-08-04,True,False,5.0,2026-08-04T12:56:22+05:30
NEWGEN,552.31,V,0.99,above,557.75,552.31,548.92,552.31,545.52,1.236,86.8,0.034,1,2026-07-31,2026-08-04,True,False,5.0,2026-08-04T12:56:22+05:30
AEGISLOG,1272.82,V,7.17,above,1364.1,1272.82,1264.83,1272.82,1256.85,1.262,87.1,0.033,1,2026-07-31,2026-08-04,True,False,5.0,2026-08-04T12:56:22+05:30
MUTHOOTFIN,3079.95,V,-6.61,below,2876.4,3079.95,3093.17,3106.38,3079.95,0.855,87.1,0.04,1,2026-07-31,2026-08-04,True,False,5.0,2026-08-04T12:56:22+05:30
SYNGENE,391.12,V,5.03,above,410.8,391.12,389.38,391.12,387.64,0.895,87.1,0.025,1,2026-07-31,2026-08-04,True,False,5.0,2026-08-04T12:56:22+05:30
JSWINFRA,316.82,V,4.3,above,330.45,316.82,315.35,316.82,313.87,0.935,87.9,0.029,1,2026-07-31,2026-08-04,True,False,5.0,2026-08-04T12:56:22+05:30
HYUNDAI,2170.13,V,2.44,above,2223.0,2170.13,2159.57,2170.13,2149.0,0.979,88.2,0.027,1,2026-07-31,2026-08-04,True,False,5.0,2026-08-04T12:56:22+05:30
SCI,289.44,V,3.82,above,300.5,289.44,287.43,289.44,285.42,1.397,88.2,0.045,1,2026-07-31,2026-08-04,True,False,5.0,2026-08-04T12:56:22+05:30
INOXWIND,77.70,V,1.49,above,78.86,77.7,77.27,77.7,76.83,1.126,88.5,0.041,1,2026-07-31,2026-08-04,True,False,5.0,2026-08-04T12:56:22+05:30
TRAVELFOOD,1296.43,V,2.46,above,1328.3,1296.43,1289.97,1296.43,1283.5,1.003,89.0,0.031,1,2026-07-31,2026-08-04,True,False,5.0,2026-08-04T12:56:22+05:30
KALYANKJIL,616.47,V,-2.96,below,598.2,616.47,620.35,624.23,616.47,1.249,89.9,0.039,1,2026-07-31,2026-08-04,True,False,5.0,2026-08-04T12:56:22+05:30
MMTC,62.24,V,2.55,above,63.83,62.24,61.82,62.24,61.4,1.359,89.9,0.051,1,2026-07-31,2026-08-04,True,False,5.0,2026-08-04T12:56:22+05:30
PREMIERENE,1016.18,V,1.71,above,1033.6,1016.18,1010.17,1016.18,1004.15,1.191,90.4,0.029,1,2026-07-31,2026-08-04,True,False,5.0,2026-08-04T12:56:22+05:30
CHOLAFIN,1840.35,V,1.81,above,1873.6,1840.35,1830.8,1840.35,1821.25,1.043,91.0,0.034,1,2026-07-31,2026-08-04,True,False,5.0,2026-08-04T12:56:22+05:30
INTELLECT,714.79,V,4.21,above,744.9,714.79,709.68,714.79,704.57,1.44,91.0,0.042,1,2026-07-31,2026-08-04,True,False,5.0,2026-08-04T12:56:22+05:30
M&MFIN,392.62,V,1.88,above,400.0,392.62,390.33,392.62,388.04,1.174,91.0,0.039,1,2026-07-31,2026-08-04,True,False,5.0,2026-08-04T12:56:22+05:30
ABDL,624.28,V,-1.34,below,615.9,624.28,629.07,633.85,624.28,1.521,91.5,0.076,1,2026-07-31,2026-08-04,True,False,5.0,2026-08-04T12:56:22+05:30
BLUEDART,5136.53,V,4.51,above,5368.0,5136.53,5112.77,5136.53,5089.0,0.93,92.3,0.017,1,2026-07-31,2026-08-04,True,False,5.0,2026-08-04T12:56:22+05:30
RKFORGE,647.24,V,5.1,above,680.25,647.24,643.33,647.24,639.43,1.215,92.3,0.048,1,2026-07-31,2026-08-04,True,False,5.0,2026-08-04T12:56:22+05:30
LICHSGFIN,525.68,V,-2.37,below,513.2,525.68,528.27,530.85,525.68,0.978,92.6,0.022,1,2026-07-31,2026-08-04,True,False,5.0,2026-08-04T12:56:22+05:30
FSL,299.77,V,8.97,above,326.65,299.77,297.42,299.77,295.07,1.579,93.2,0.034,1,2026-07-31,2026-08-04,True,False,5.0,2026-08-04T12:56:22+05:30
M&M,3382.38,V,0.33,above,3393.7,3382.38,3366.27,3382.38,3350.15,0.958,93.2,0.026,1,2026-07-31,2026-08-04,True,False,5.0,2026-08-04T12:56:22+05:30
ASHOKLEY,165.10,V,4.54,above,172.59,165.1,164.02,165.1,162.93,1.319,94.8,0.027,1,2026-07-31,2026-08-04,True,False,5.0,2026-08-04T12:56:22+05:30
HCLTECH,1339.73,V,0.73,above,1349.5,1339.73,1332.57,1339.73,1325.4,1.076,94.8,0.022,1,2026-07-31,2026-08-04,True,False,5.0,2026-08-04T12:56:22+05:30
3MINDIA,35190.00,V,1.78,above,35815.0,35190.0,34998.33,35190.0,34806.67,1.095,95.1,0.027,1,2026-07-31,2026-08-04,True,False,5.0,2026-08-04T12:56:22+05:30
GALLANTT,607.54,V,2.15,above,620.6,607.54,600.48,607.54,593.42,2.351,95.1,0.073,1,2026-07-31,2026-08-04,True,False,5.0,2026-08-04T12:56:22+05:30
JIOFIN,254.98,V,3.16,above,263.05,254.98,253.51,254.98,252.03,1.165,95.3,0.022,1,2026-07-31,2026-08-04,True,False,5.0,2026-08-04T12:56:22+05:30
CUB,208.06,V,-2.23,below,203.42,208.06,209.62,211.17,208.06,1.487,95.6,0.034,1,2026-07-31,2026-08-04,True,False,5.0,2026-08-04T12:56:22+05:30
ETERNAL,308.90,V,0.65,above,310.9,308.9,306.75,308.9,304.6,1.402,95.6,0.028,1,2026-07-31,2026-08-04,True,False,5.0,2026-08-04T12:56:22+05:30
TMCV,433.68,V,2.67,above,445.25,433.68,430.57,433.68,427.45,1.448,95.6,0.024,1,2026-07-31,2026-08-04,True,False,5.0,2026-08-04T12:56:22+05:30
CONCORDBIO,1407.60,V,1.59,above,1430.0,1407.6,1394.4,1407.6,1381.2,1.893,95.9,0.022,1,2026-07-31,2026-08-04,True,False,5.0,2026-08-04T12:56:22+05:30
RAINBOW,1516.77,V,3.99,above,1577.3,1516.77,1508.13,1516.77,1499.5,1.145,96.2,0.034,1,2026-07-31,2026-08-04,True,False,5.0,2026-08-04T12:56:22+05:30
SONATSOFTW,319.33,V,9.62,above,350.05,319.33,316.22,319.33,313.1,1.971,96.4,0.033,1,2026-07-31,2026-08-04,True,False,5.0,2026-08-04T12:56:22+05:30
SUNDARMFIN,4634.88,V,3.68,above,4805.5,4634.88,4604.17,4634.88,4573.45,1.334,96.7,0.03,1,2026-07-31,2026-08-04,True,False,5.0,2026-08-04T12:56:22+05:30
VIJAYA,1344.27,NARROW,3.1,above,1385.9,1344.27,1344.13,1344.27,1344.0,0.02,2.7,0.036,0,2026-07-31,2026-08-04,False,True,5.0,2026-08-04T12:56:22+05:30
NAVINFLUOR,7566.42,NARROW,1.16,above,7654.0,7566.42,7565.33,7566.42,7564.25,0.029,3.0,0.045,0,2026-07-31,2026-08-04,False,True,5.0,2026-08-04T12:56:22+05:30
BIOCON,425.57,NARROW,-0.18,below,424.8,425.57,425.62,425.66,425.57,0.02,3.3,0.031,0,2026-07-31,2026-08-04,False,True,5.0,2026-08-04T12:56:22+05:30
CANFINHOME,820.45,NARROW,-1.52,below,808.0,820.45,820.5,820.55,820.45,0.012,3.3,0.021,0,2026-07-31,2026-08-04,False,True,5.0,2026-08-04T12:56:22+05:30
MARUTI,14234.67,NARROW,-0.6,below,14149.0,14234.67,14235.33,14236.0,14234.67,0.009,3.6,0.014,0,2026-07-31,2026-08-04,False,True,5.0,2026-08-04T12:56:22+05:30
ABSLAMC,1011.93,NARROW,-1.46,below,997.2,1011.93,1012.07,1012.2,1011.93,0.026,3.8,0.032,0,2026-07-31,2026-08-04,False,True,5.0,2026-08-04T12:56:22+05:30
DLF,659.10,NARROW,-0.93,below,653.0,659.1,659.17,659.23,659.1,0.02,4.4,0.033,0,2026-07-31,2026-08-04,False,True,5.0,2026-08-04T12:56:22+05:30
HONAUT,38414.17,WIDE,-0.38,below,38270.0,38414.17,38673.33,38932.5,38414.17,1.34,97.0,0.022,0,2026-07-31,2026-08-04,False,False,5.0,2026-08-04T12:56:22+05:30
AWL,192.60,WIDE,-0.63,inside,191.39,192.6,192.6,194.17,191.02,1.639,97.5,0.044,0,2026-07-31,2026-08-04,False,False,5.0,2026-08-04T12:56:22+05:30
SAGILITY,44.26,WIDE,-0.32,inside,44.12,44.26,44.26,44.69,43.83,1.95,97.5,0.047,0,2026-07-31,2026-08-04,False,False,5.0,2026-08-04T12:56:22+05:30
INDUSTOWER,388.45,WIDE,0.06,above,388.7,388.45,385.8,388.45,383.15,1.374,98.1,0.022,0,2026-07-31,2026-08-04,False,False,5.0,2026-08-04T12:56:22+05:30
TORNTPHARM,5017.55,WIDE,-0.05,below,5015.0,5017.55,5052.63,5087.72,5017.55,1.389,98.6,0.025,0,2026-07-31,2026-08-04,False,False,5.0,2026-08-04T12:56:22+05:30
APTUS,264.87,WIDE,-1.27,below,261.5,264.87,268.53,272.2,264.87,2.731,99.7,0.024,0,2026-07-31,2026-08-04,False,False,5.0,2026-08-04T12:56:22+05:30
THERMAX,4027.75,WIDE,-0.54,below,4005.9,4027.75,4120.5,4213.25,4027.75,4.502,99.7,0.019,0,2026-07-31,2026-08-04,False,False,5.0,2026-08-04T12:56:22+05:30
JSL,735.42,TOUCHED,0.08,above,736.0,735.42,735.22,735.42,735.01,0.057,7.4,0.041,0,2026-07-31,2026-08-04,False,False,5.0,2026-08-04T12:56:22+05:30
GLENMARK,2231.85,TOUCHED,-0.06,below,2230.6,2231.85,2232.53,2233.22,2231.85,0.061,8.8,0.036,0,2026-07-31,2026-08-04,False,False,5.0,2026-08-04T12:56:22+05:30
ZYDUSLIFE,1126.00,TOUCHED,-0.62,below,1119.0,1126.0,1126.27,1126.53,1126.0,0.047,9.6,0.024,0,2026-07-31,2026-08-04,False,False,5.0,2026-08-04T12:56:22+05:30
CGPOWER,864.40,TOUCHED,1.3,above,875.6,864.4,864.07,864.4,863.73,0.077,9.9,0.04,0,2026-07-31,2026-08-04,False,False,5.0,2026-08-04T12:56:22+05:30
COHANCE,424.87,TOUCHED,0.01,above,424.9,424.87,424.68,424.87,424.5,0.086,9.9,0.022,0,2026-07-31,2026-08-04,False,False,5.0,2026-08-04T12:56:22+05:30
GMDCLTD,563.27,TOUCHED,-0.83,below,558.6,563.27,563.6,563.92,563.27,0.115,10.1,0.063,0,2026-07-31,2026-08-04,False,False,5.0,2026-08-04T12:56:22+05:30
COLPAL,2076.87,TOUCHED,-2.57,below,2023.4,2076.87,2077.63,2078.4,2076.87,0.074,10.7,0.024,0,2026-07-31,2026-08-04,False,False,5.0,2026-08-04T12:56:22+05:30
CUMMINSIND,5517.42,TOUCHED,0.2,above,5528.5,5517.42,5515.83,5517.42,5514.25,0.057,11.0,0.018,0,2026-07-31,2026-08-04,False,False,5.0,2026-08-04T12:56:22+05:30
JINDALSTEL,1103.80,TOUCHED,1.07,above,1115.6,1103.8,1103.33,1103.8,1102.87,0.085,11.0,0.034,0,2026-07-31,2026-08-04,False,False,5.0,2026-08-04T12:56:22+05:30
POLICYBZR,1602.25,TOUCHED,-0.02,below,1602.0,1602.25,1603.0,1603.75,1602.25,0.094,11.5,0.038,0,2026-07-31,2026-08-04,False,False,5.0,2026-08-04T12:56:22+05:30
CONCOR,524.90,TOUCHED,-1.36,below,517.75,524.9,525.1,525.3,524.9,0.076,11.8,0.034,0,2026-07-31,2026-08-04,False,False,5.0,2026-08-04T12:56:22+05:30
BANDHANBNK,174.20,TOUCHED,-0.17,below,173.9,174.2,174.27,174.34,174.2,0.08,12.1,0.027,0,2026-07-31,2026-08-04,False,False,5.0,2026-08-04T12:56:22+05:30
MCX,2686.55,TOUCHED,-1.01,below,2659.3,2686.55,2688.43,2690.32,2686.55,0.14,13.2,0.059,0,2026-07-31,2026-08-04,False,False,5.0,2026-08-04T12:56:22+05:30
AUBANK,1046.15,TOUCHED,-0.54,below,1040.5,1046.15,1046.53,1046.92,1046.15,0.073,13.4,0.016,0,2026-07-31,2026-08-04,False,False,5.0,2026-08-04T12:56:22+05:30
ADANIPOWER,211.03,TOUCHED,0.06,inside,211.16,211.03,211.03,211.17,210.89,0.131,14.0,0.053,0,2026-07-31,2026-08-04,False,False,5.0,2026-08-04T12:56:22+05:30
SBICARD,661.02,TOUCHED,0.0,above,661.05,661.02,660.73,661.02,660.44,0.088,14.0,0.029,0,2026-07-31,2026-08-04,False,False,5.0,2026-08-04T12:56:22+05:30
UPL,603.32,TOUCHED,-3.18,below,584.15,603.32,603.65,603.97,603.32,0.108,15.9,0.02,0,2026-07-31,2026-08-04,False,False,5.0,2026-08-04T12:56:22+05:30
CAMS,797.35,TOUCHED,1.12,above,806.25,797.35,796.95,797.35,796.55,0.1,16.2,0.049,0,2026-07-31,2026-08-04,False,False,5.0,2026-08-04T12:56:22+05:30
TATACHEM,672.72,TOUCHED,-0.05,inside,672.35,672.72,672.72,673.13,672.3,0.124,17.3,0.021,0,2026-07-31,2026-08-04,False,False,5.0,2026-08-04T12:56:22+05:30
ABREL,1421.65,TOUCHED,0.02,above,1422.0,1421.65,1420.47,1421.65,1419.28,0.167,18.6,0.029,0,2026-07-31,2026-08-04,False,False,5.0,2026-08-04T12:56:22+05:30
IREDA,119.90,TOUCHED,0.49,above,120.49,119.9,119.8,119.9,119.69,0.173,20.3,0.048,0,2026-07-31,2026-08-04,False,False,5.0,2026-08-04T12:56:22+05:30
PVRINOX,1133.33,TOUCHED,1.19,above,1146.8,1133.33,1132.42,1133.33,1131.51,0.16,20.3,0.03,0,2026-07-31,2026-08-04,False,False,5.0,2026-08-04T12:56:22+05:30
HDFCLIFE,547.48,TOUCHED,-2.37,below,534.5,547.48,547.82,548.16,547.48,0.125,20.8,0.018,0,2026-07-31,2026-08-04,False,False,5.0,2026-08-04T12:56:22+05:30
DIXON,14064.33,TOUCHED,-0.45,below,14001.0,14064.33,14079.67,14095.0,14064.33,0.218,21.6,0.056,0,2026-07-31,2026-08-04,False,False,5.0,2026-08-04T12:56:22+05:30
AMBER,7448.58,TOUCHED,-0.61,below,7403.5,7448.58,7456.67,7464.75,7448.58,0.217,21.9,0.036,0,2026-07-31,2026-08-04,False,False,5.0,2026-08-04T12:56:22+05:30
JMFINANCIL,122.02,TOUCHED,3.01,above,125.7,122.02,121.89,122.02,121.75,0.224,21.9,0.045,0,2026-07-31,2026-08-04,False,False,5.0,2026-08-04T12:56:22+05:30
PFIZER,4820.62,TOUCHED,0.7,above,4854.5,4820.62,4817.33,4820.62,4814.05,0.136,21.9,0.021,0,2026-07-31,2026-08-04,False,False,5.0,2026-08-04T12:56:22+05:30
SAREGAMA,523.33,TOUCHED,-1.02,below,518.0,523.33,523.82,524.3,523.33,0.185,22.2,0.041,0,2026-07-31,2026-08-04,False,False,5.0,2026-08-04T12:56:22+05:30
SBILIFE,1882.92,TOUCHED,-0.49,below,1873.7,1882.92,1883.83,1884.75,1882.92,0.097,22.7,0.017,0,2026-07-31,2026-08-04,False,False,5.0,2026-08-04T12:56:22+05:30
SAMMAANCAP,161.80,TOUCHED,-0.88,below,160.38,161.8,162.01,162.22,161.8,0.259,23.6,0.041,0,2026-07-31,2026-08-04,False,False,5.0,2026-08-04T12:56:22+05:30
MAHABANK,79.41,TOUCHED,-1.26,below,78.41,79.41,79.5,79.58,79.41,0.21,24.4,0.037,0,2026-07-31,2026-08-04,False,False,5.0,2026-08-04T12:56:22+05:30
HINDUNILVR,2102.65,TOUCHED,-0.63,below,2089.3,2102.65,2104.0,2105.35,2102.65,0.128,24.7,0.015,0,2026-07-31,2026-08-04,False,False,5.0,2026-08-04T12:56:22+05:30
POWERINDIA,32325.00,TOUCHED,0.08,above,32350.0,32325.0,32275.0,32325.0,32225.0,0.31,24.9,0.055,0,2026-07-31,2026-08-04,False,False,5.0,2026-08-04T12:56:22+05:30
SCHNEIDER,1353.20,TOUCHED,0.21,above,1356.0,1353.2,1351.1,1353.2,1349.0,0.311,24.9,0.028,0,2026-07-31,2026-08-04,False,False,5.0,2026-08-04T12:56:22+05:30
KPIL,1286.57,TOUCHED,-0.02,inside,1286.3,1286.57,1286.57,1288.08,1285.05,0.236,26.0,0.045,0,2026-07-31,2026-08-04,False,False,5.0,2026-08-04T12:56:22+05:30
GILLETTE,7645.50,TOUCHED,0.12,above,7654.5,7645.5,7638.33,7645.5,7631.17,0.188,26.8,0.038,0,2026-07-31,2026-08-04,False,False,5.0,2026-08-04T12:56:22+05:30
NESTLEIND,1513.25,TOUCHED,1.27,above,1532.5,1513.25,1512.03,1513.25,1510.82,0.161,27.1,0.032,0,2026-07-31,2026-08-04,False,False,5.0,2026-08-04T12:56:22+05:30
JWL,260.23,TOUCHED,0.47,above,261.45,260.23,259.88,260.23,259.54,0.263,27.9,0.042,0,2026-07-31,2026-08-04,False,False,5.0,2026-08-04T12:56:22+05:30
SUMICHEM,509.56,TOUCHED,0.16,above,510.35,509.56,508.82,509.56,508.07,0.292,27.9,0.041,0,2026-07-31,2026-08-04,False,False,5.0,2026-08-04T12:56:22+05:30
AADHARHFC,497.14,TOUCHED,-0.14,below,496.45,497.14,497.58,498.02,497.14,0.178,28.8,0.025,0,2026-07-31,2026-08-04,False,False,5.0,2026-08-04T12:56:22+05:30
PIRAMALFIN,2058.37,TOUCHED,-0.3,below,2052.2,2058.37,2061.23,2064.1,2058.37,0.278,29.9,0.056,0,2026-07-31,2026-08-04,False,False,5.0,2026-08-04T12:56:22+05:30
GMRAIRPORT,105.15,TOUCHED,0.76,above,105.95,105.15,105.04,105.15,104.94,0.206,31.2,0.019,0,2026-07-31,2026-08-04,False,False,5.0,2026-08-04T12:56:22+05:30
ANURAS,1210.23,TOUCHED,0.05,inside,1210.8,1210.23,1210.23,1211.45,1209.02,0.201,31.8,0.025,0,2026-07-31,2026-08-04,False,False,5.0,2026-08-04T12:56:22+05:30
KIMS,805.78,TOUCHED,-1.52,below,793.5,805.78,806.87,807.95,805.78,0.269,31.8,0.043,0,2026-07-31,2026-08-04,False,False,5.0,2026-08-04T12:56:22+05:30
OBEROIRLTY,1821.30,TOUCHED,-0.89,below,1805.1,1821.3,1823.43,1825.57,1821.3,0.234,32.1,0.044,0,2026-07-31,2026-08-04,False,False,5.0,2026-08-04T12:56:22+05:30
TATAINVEST,678.63,TOUCHED,0.11,above,679.4,678.63,677.8,678.63,676.98,0.243,32.1,0.023,0,2026-07-31,2026-08-04,False,False,5.0,2026-08-04T12:56:22+05:30
ANANDRATHI,2067.50,TOUCHED,-1.04,below,2045.9,2067.5,2069.57,2071.63,2067.5,0.2,33.4,0.022,0,2026-07-31,2026-08-04,False,False,5.0,2026-08-04T12:56:22+05:30
KAJARIACER,1200.02,TOUCHED,-0.57,below,1193.2,1200.02,1201.73,1203.45,1200.02,0.286,33.7,0.029,0,2026-07-31,2026-08-04,False,False,5.0,2026-08-04T12:56:22+05:30
J&KBANK,155.74,TOUCHED,0.82,above,157.01,155.74,155.48,155.74,155.22,0.334,34.5,0.029,0,2026-07-31,2026-08-04,False,False,5.0,2026-08-04T12:56:22+05:30
SCHAEFFLER,4074.42,TOUCHED,0.16,above,4081.0,4074.42,4069.63,4074.42,4064.85,0.235,34.5,0.035,0,2026-07-31,2026-08-04,False,False,5.0,2026-08-04T12:56:22+05:30
LLOYDSME,2054.03,TOUCHED,0.16,inside,2057.3,2054.03,2054.03,2057.55,2050.52,0.342,34.8,0.043,0,2026-07-31,2026-08-04,False,False,5.0,2026-08-04T12:56:22+05:30
IDBI,84.17,TOUCHED,0.13,above,84.28,84.17,84.03,84.17,83.89,0.333,35.1,0.047,0,2026-07-31,2026-08-04,False,False,5.0,2026-08-04T12:56:22+05:30
ABLBL,94.98,TOUCHED,0.03,inside,95.01,94.98,94.98,95.13,94.82,0.326,35.4,0.054,0,2026-07-31,2026-08-04,False,False,5.0,2026-08-04T12:56:22+05:30
TATASTEEL,189.49,TOUCHED,0.38,above,190.21,189.49,189.28,189.49,189.07,0.217,35.9,0.023,0,2026-07-31,2026-08-04,False,False,5.0,2026-08-04T12:56:22+05:30
CDSL,1339.00,TOUCHED,0.15,above,1341.0,1339.0,1337.0,1339.0,1335.0,0.299,36.2,0.036,0,2026-07-31,2026-08-04,False,False,5.0,2026-08-04T12:56:22+05:30
BHEL,408.43,TOUCHED,0.1,inside,408.85,408.43,408.43,409.15,407.72,0.351,39.2,0.051,0,2026-07-31,2026-08-04,False,False,5.0,2026-08-04T12:56:22+05:30
PGEL,616.27,TOUCHED,0.09,inside,616.8,616.27,616.27,617.73,614.81,0.473,39.2,0.054,0,2026-07-31,2026-08-04,False,False,5.0,2026-08-04T12:56:22+05:30
SAIL,169.91,TOUCHED,0.79,above,171.26,169.91,169.62,169.91,169.32,0.346,39.5,0.026,0,2026-07-31,2026-08-04,False,False,5.0,2026-08-04T12:56:22+05:30
POWERGRID,284.57,TOUCHED,-0.37,below,283.5,284.57,284.88,285.2,284.57,0.222,39.7,0.017,0,2026-07-31,2026-08-04,False,False,5.0,2026-08-04T12:56:22+05:30
RBLBANK,377.40,TOUCHED,1.63,above,383.55,377.4,376.77,377.4,376.13,0.336,39.7,0.032,0,2026-07-31,2026-08-04,False,False,5.0,2026-08-04T12:56:22+05:30
IDEA,12.92,TOUCHED,-1.01,below,12.79,12.92,12.95,12.98,12.92,0.463,40.3,0.047,0,2026-07-31,2026-08-04,False,False,5.0,2026-08-04T12:56:22+05:30
CESC,165.05,TOUCHED,0.09,inside,165.19,165.05,165.05,165.31,164.78,0.317,40.5,0.037,0,2026-07-31,2026-08-04,False,False,5.0,2026-08-04T12:56:22+05:30
ADANIENSOL,1652.07,TOUCHED,-0.13,inside,1650.0,1652.07,1652.07,1655.4,1648.73,0.404,41.6,0.03,0,2026-07-31,2026-08-04,False,False,5.0,2026-08-04T12:56:22+05:30
COALINDIA,413.64,TOUCHED,0.38,above,415.2,413.64,413.13,413.64,412.62,0.246,41.6,0.022,0,2026-07-31,2026-08-04,False,False,5.0,2026-08-04T12:56:22+05:30
EXIDEIND,451.88,TOUCHED,0.09,above,452.3,451.88,451.18,451.88,450.49,0.307,42.2,0.027,0,2026-07-31,2026-08-04,False,False,5.0,2026-08-04T12:56:22+05:30
SHYAMMETL,1026.88,TOUCHED,-0.82,below,1018.5,1026.88,1028.35,1029.83,1026.88,0.287,42.7,0.015,0,2026-07-31,2026-08-04,False,False,5.0,2026-08-04T12:56:22+05:30
PWL,125.92,TOUCHED,0.35,above,126.37,125.92,125.58,125.92,125.23,0.549,42.9,0.07,0,2026-07-31,2026-08-04,False,False,5.0,2026-08-04T12:56:22+05:30
WAAREEENER,2669.20,TOUCHED,-0.12,inside,2666.1,2669.2,2669.2,2674.7,2663.7,0.412,43.3,0.043,0,2026-07-31,2026-08-04,False,False,5.0,2026-08-04T12:56:22+05:30
GVT&D,4356.05,TOUCHED,1.02,above,4400.6,4356.05,4345.13,4356.05,4334.22,0.502,44.9,0.025,0,2026-07-31,2026-08-04,False,False,5.0,2026-08-04T12:56:22+05:30
GODREJCP,1068.77,TOUCHED,0.35,above,1072.5,1068.77,1067.13,1068.77,1065.5,0.306,45.5,0.035,0,2026-07-31,2026-08-04,False,False,5.0,2026-08-04T12:56:22+05:30
BHARATFORG,2191.30,TOUCHED,0.11,inside,2193.7,2191.3,2191.3,2195.55,2187.05,0.388,45.8,0.034,0,2026-07-31,2026-08-04,False,False,5.0,2026-08-04T12:56:22+05:30
CEMPRO,1356.65,TOUCHED,-4.01,below,1302.3,1356.65,1360.37,1364.08,1356.65,0.546,45.8,0.044,0,2026-07-31,2026-08-04,False,False,5.0,2026-08-04T12:56:22+05:30
ICICIPRULI,513.10,TOUCHED,-0.86,below,508.7,513.1,513.87,514.63,513.1,0.298,46.3,0.023,0,2026-07-31,2026-08-04,False,False,5.0,2026-08-04T12:56:22+05:30
LAURUSLABS,1812.73,TOUCHED,0.89,above,1828.9,1812.73,1809.27,1812.73,1805.8,0.383,46.3,0.018,0,2026-07-31,2026-08-04,False,False,5.0,2026-08-04T12:56:22+05:30
GROWW,194.92,TOUCHED,-0.83,below,193.3,194.92,195.47,196.03,194.92,0.564,46.4,0.034,0,2026-07-31,2026-08-04,False,False,5.0,2026-08-04T12:56:22+05:30
IDFCFIRSTB,85.12,TOUCHED,0.55,above,85.59,85.12,84.98,85.12,84.83,0.349,47.9,0.033,0,2026-07-31,2026-08-04,False,False,5.0,2026-08-04T12:56:22+05:30
MAPMYINDIA,1179.52,TOUCHED,0.69,above,1187.6,1179.52,1177.38,1179.52,1175.25,0.362,48.8,0.027,0,2026-07-31,2026-08-04,False,False,5.0,2026-08-04T12:56:22+05:30
NTPC,345.90,TOUCHED,-0.12,below,345.5,345.9,346.35,346.8,345.9,0.26,49.6,0.016,0,2026-07-31,2026-08-04,False,False,5.0,2026-08-04T12:56:22+05:30
SWIGGY,286.55,TOUCHED,0.23,inside,287.2,286.55,286.55,287.4,285.7,0.59,49.9,0.047,0,2026-07-31,2026-08-04,False,False,5.0,2026-08-04T12:56:22+05:30
JSWCEMENT,132.24,TOUCHED,-0.22,below,131.95,132.24,132.52,132.81,132.24,0.435,50.4,0.037,0,2026-07-31,2026-08-04,False,False,5.0,2026-08-04T12:56:22+05:30
KFINTECH,940.25,TOUCHED,-0.01,below,940.15,940.25,942.6,944.95,940.25,0.499,50.4,0.019,0,2026-07-31,2026-08-04,False,False,5.0,2026-08-04T12:56:22+05:30
FEDERALBNK,358.31,TOUCHED,0.28,above,359.3,358.31,357.77,358.31,357.23,0.303,50.7,0.026,0,2026-07-31,2026-08-04,False,False,5.0,2026-08-04T12:56:22+05:30
VOLTAS,1334.90,TOUCHED,-0.22,inside,1332.0,1334.9,1334.9,1337.9,1331.9,0.449,52.1,0.038,0,2026-07-31,2026-08-04,False,False,5.0,2026-08-04T12:56:22+05:30
GRAPHITE,661.45,TOUCHED,0.09,above,662.05,661.45,659.77,661.45,658.08,0.51,52.3,0.024,0,2026-07-31,2026-08-04,False,False,5.0,2026-08-04T12:56:22+05:30
CRISIL,4369.03,TOUCHED,-0.15,below,4362.4,4369.03,4378.27,4387.5,4369.03,0.422,52.9,0.049,0,2026-07-31,2026-08-04,False,False,5.0,2026-08-04T12:56:22+05:30
JBMA,660.07,TOUCHED,-0.03,below,659.9,660.07,661.78,663.5,660.07,0.519,52.9,0.033,0,2026-07-31,2026-08-04,False,False,5.0,2026-08-04T12:56:22+05:30
TARIL,297.52,TOUCHED,-0.68,below,295.5,297.52,298.55,299.57,297.52,0.687,52.9,0.054,0,2026-07-31,2026-08-04,False,False,5.0,2026-08-04T12:56:22+05:30
LENSKART,565.75,TOUCHED,0.37,above,567.85,565.75,564.3,565.75,562.85,0.514,53.6,0.032,0,2026-07-31,2026-08-04,False,False,5.0,2026-08-04T12:56:22+05:30
ABBOTINDIA,27751.67,TOUCHED,0.26,above,27825.0,27751.67,27703.33,27751.67,27655.0,0.349,53.7,0.036,0,2026-07-31,2026-08-04,False,False,5.0,2026-08-04T12:56:22+05:30
ASTRAL,1451.72,TOUCHED,-0.47,below,1444.9,1451.72,1454.83,1457.95,1451.72,0.428,54.2,0.034,0,2026-07-31,2026-08-04,False,False,5.0,2026-08-04T12:56:22+05:30
MRPL,169.39,TOUCHED,0.19,above,169.72,169.39,168.84,169.39,168.29,0.65,54.8,0.056,0,2026-07-31,2026-08-04,False,False,5.0,2026-08-04T12:56:22+05:30
DCMSHRIRAM,1036.38,TOUCHED,-0.51,below,1031.1,1036.38,1038.87,1041.35,1036.38,0.478,55.1,0.023,0,2026-07-31,2026-08-04,False,False,5.0,2026-08-04T12:56:22+05:30
NATCOPHARM,919.44,TOUCHED,-0.29,below,916.8,919.44,921.88,924.33,919.44,0.53,55.3,0.023,0,2026-07-31,2026-08-04,False,False,5.0,2026-08-04T12:56:22+05:30
PETRONET,279.12,TOUCHED,-0.33,below,278.2,279.12,279.67,280.21,279.12,0.387,55.6,0.025,0,2026-07-31,2026-08-04,False,False,5.0,2026-08-04T12:56:22+05:30
TITAN,4867.95,TOUCHED,0.54,above,4894.2,4867.95,4860.7,4867.95,4853.45,0.298,55.6,0.018,0,2026-07-31,2026-08-04,False,False,5.0,2026-08-04T12:56:22+05:30
TIINDIA,2746.00,TOUCHED,1.14,above,2777.2,2746.0,2739.0,2746.0,2732.0,0.511,56.2,0.038,0,2026-07-31,2026-08-04,False,False,5.0,2026-08-04T12:56:22+05:30
ICICIAMC,3090.80,TOUCHED,-0.47,below,3076.3,3090.8,3099.17,3107.53,3090.8,0.54,56.5,0.029,0,2026-07-31,2026-08-04,False,False,5.0,2026-08-04T12:56:22+05:30
IIFL,610.50,TOUCHED,-0.28,below,608.8,610.5,612.35,614.2,610.5,0.604,57.3,0.031,0,2026-07-31,2026-08-04,False,False,5.0,2026-08-04T12:56:22+05:30
SOBHA,1365.00,TOUCHED,0.17,inside,1367.3,1365.0,1365.0,1368.6,1361.4,0.527,57.5,0.028,0,2026-07-31,2026-08-04,False,False,5.0,2026-08-04T12:56:22+05:30
VBL,443.34,TOUCHED,-0.36,below,441.75,443.34,444.38,445.43,443.34,0.469,57.5,0.03,0,2026-07-31,2026-08-04,False,False,5.0,2026-08-04T12:56:22+05:30
BOSCHLTD,41240.00,TOUCHED,0.0,inside,41240.0,41240.0,41240.0,41317.5,41162.5,0.376,57.8,0.029,0,2026-07-31,2026-08-04,False,False,5.0,2026-08-04T12:56:22+05:30
MSUMI,40.72,TOUCHED,-2.68,below,39.63,40.72,40.83,40.94,40.72,0.539,59.2,0.032,0,2026-07-31,2026-08-04,False,False,5.0,2026-08-04T12:56:22+05:30
RELIANCE,1301.65,TOUCHED,-0.63,below,1293.5,1301.65,1303.7,1305.75,1301.65,0.314,59.5,0.027,0,2026-07-31,2026-08-04,False,False,5.0,2026-08-04T12:56:22+05:30
IFCI,75.98,TOUCHED,0.21,inside,76.14,75.98,75.98,76.26,75.7,0.737,60.5,0.102,0,2026-07-31,2026-08-04,False,False,5.0,2026-08-04T12:56:22+05:30
JKCEMENT,5492.00,TOUCHED,0.74,above,5532.5,5492.0,5476.0,5492.0,5460.0,0.584,61.9,0.033,0,2026-07-31,2026-08-04,False,False,5.0,2026-08-04T12:56:22+05:30
TATACONSUM,1089.95,TOUCHED,0.22,above,1092.3,1089.95,1087.67,1089.95,1085.38,0.42,62.5,0.028,0,2026-07-31,2026-08-04,False,False,5.0,2026-08-04T12:56:22+05:30
BHARTIARTL,1961.90,TOUCHED,-0.24,below,1957.1,1961.9,1965.27,1968.63,1961.9,0.343,62.7,0.013,0,2026-07-31,2026-08-04,False,False,5.0,2026-08-04T12:56:22+05:30
NLCINDIA,297.02,TOUCHED,1.63,above,301.85,297.02,296.13,297.02,295.25,0.597,62.7,0.051,0,2026-07-31,2026-08-04,False,False,5.0,2026-08-04T12:56:22+05:30
RRKABEL,2626.80,TOUCHED,0.27,above,2634.0,2626.8,2618.8,2626.8,2610.8,0.611,63.0,0.055,0,2026-07-31,2026-08-04,False,False,5.0,2026-08-04T12:56:22+05:30
SYRMA,1383.15,TOUCHED,2.27,above,1414.6,1383.15,1377.7,1383.15,1372.25,0.791,65.8,0.045,0,2026-07-31,2026-08-04,False,False,5.0,2026-08-04T12:56:22+05:30
BHARTIHEXA,1621.50,TOUCHED,0.38,above,1627.7,1621.5,1616.83,1621.5,1612.17,0.577,66.0,0.037,0,2026-07-31,2026-08-04,False,False,5.0,2026-08-04T12:56:22+05:30
POLYCAB,9080.92,TOUCHED,0.85,above,9158.0,9080.92,9055.33,9080.92,9029.75,0.565,66.8,0.04,0,2026-07-31,2026-08-04,False,False,5.0,2026-08-04T12:56:22+05:30
GRANULES,829.72,TOUCHED,-0.09,inside,828.95,829.72,829.72,832.25,827.18,0.611,67.9,0.037,0,2026-07-31,2026-08-04,False,False,5.0,2026-08-04T12:56:22+05:30
BEML,1757.08,TOUCHED,-2.4,below,1715.0,1757.08,1763.77,1770.45,1757.08,0.758,70.1,0.028,0,2026-07-31,2026-08-04,False,False,5.0,2026-08-04T12:56:22+05:30
HDBFS,684.86,TOUCHED,0.06,above,685.25,684.86,683.37,684.86,681.88,0.437,70.1,0.022,0,2026-07-31,2026-08-04,False,False,5.0,2026-08-04T12:56:22+05:30
TATACAP,364.43,TOUCHED,0.24,above,365.3,364.43,363.47,364.43,362.5,0.532,70.1,0.016,0,2026-07-31,2026-08-04,False,False,5.0,2026-08-04T12:56:22+05:30
EIHOTEL,329.02,TOUCHED,-0.26,inside,328.15,329.02,329.02,330.02,328.01,0.613,70.4,0.03,0,2026-07-31,2026-08-04,False,False,5.0,2026-08-04T12:56:22+05:30
NUVOCO,348.00,TOUCHED,0.32,above,349.1,348.0,346.88,348.0,345.77,0.644,70.4,0.039,0,2026-07-31,2026-08-04,False,False,5.0,2026-08-04T12:56:22+05:30
BRIGADE,577.97,TOUCHED,0.66,above,581.8,577.97,575.73,577.97,573.5,0.776,70.7,0.024,0,2026-07-31,2026-08-04,False,False,5.0,2026-08-04T12:56:22+05:30
TTML,40.09,TOUCHED,-0.36,below,39.94,40.09,40.22,40.35,40.09,0.671,71.5,0.046,0,2026-07-31,2026-08-04,False,False,5.0,2026-08-04T12:56:22+05:30
WELSPUNLIV,157.91,TOUCHED,0.43,above,158.59,157.91,157.25,157.91,156.6,0.833,72.3,0.042,0,2026-07-31,2026-08-04,False,False,5.0,2026-08-04T12:56:22+05:30
ACUTAAS,3147.50,TOUCHED,2.01,above,3210.9,3147.5,3133.3,3147.5,3119.1,0.906,72.9,0.036,0,2026-07-31,2026-08-04,False,False,5.0,2026-08-04T12:56:22+05:30
LTTS,3518.15,TOUCHED,-0.23,below,3510.0,3518.15,3530.57,3542.98,3518.15,0.703,73.4,0.042,0,2026-07-31,2026-08-04,False,False,5.0,2026-08-04T12:56:22+05:30
ZENSARTECH,512.03,TOUCHED,-0.2,inside,511.0,512.03,512.03,514.08,509.99,0.797,74.0,0.035,0,2026-07-31,2026-08-04,False,False,5.0,2026-08-04T12:56:22+05:30
HDFCBANK,749.56,TOUCHED,-1.44,below,738.8,749.56,750.97,752.38,749.56,0.375,75.9,0.019,0,2026-07-31,2026-08-04,False,False,5.0,2026-08-04T12:56:22+05:30
360ONE,1149.00,TOUCHED,1.47,above,1165.9,1149.0,1144.43,1149.0,1139.87,0.798,76.7,0.034,0,2026-07-31,2026-08-04,False,False,5.0,2026-08-04T12:56:22+05:30
TATACOMM,1762.60,TOUCHED,-0.5,below,1753.8,1762.6,1768.8,1775.0,1762.6,0.701,76.7,0.022,0,2026-07-31,2026-08-04,False,False,5.0,2026-08-04T12:56:22+05:30
EMAMILTD,400.68,TOUCHED,-0.1,inside,400.3,400.68,400.68,402.0,399.37,0.657,77.0,0.022,0,2026-07-31,2026-08-04,False,False,5.0,2026-08-04T12:56:22+05:30
IKS,1840.73,TOUCHED,0.78,above,1855.1,1840.73,1832.57,1840.73,1824.4,0.891,77.3,0.02,0,2026-07-31,2026-08-04,False,False,5.0,2026-08-04T12:56:22+05:30
ASTERDM,819.19,TOUCHED,1.06,above,827.9,819.19,816.23,819.19,813.27,0.725,77.5,0.028,0,2026-07-31,2026-08-04,False,False,5.0,2026-08-04T12:56:22+05:30
ENDURANCE,2790.50,TOUCHED,2.0,above,2846.3,2790.5,2779.77,2790.5,2769.03,0.772,78.4,0.044,0,2026-07-31,2026-08-04,False,False,5.0,2026-08-04T12:56:22+05:30
ONGC,241.22,TOUCHED,-0.14,inside,240.89,241.22,241.22,241.88,240.57,0.543,78.4,0.03,0,2026-07-31,2026-08-04,False,False,5.0,2026-08-04T12:56:22+05:30
TECHM,1646.20,TOUCHED,0.17,above,1649.0,1646.2,1641.1,1646.2,1636.0,0.622,78.6,0.038,0,2026-07-31,2026-08-04,False,False,5.0,2026-08-04T12:56:22+05:30
IRB,20.15,TOUCHED,0.02,inside,20.15,20.15,20.15,20.22,20.07,0.728,78.9,0.039,0,2026-07-31,2026-08-04,False,False,5.0,2026-08-04T12:56:22+05:30
GPIL,244.72,TOUCHED,0.36,inside,245.6,244.72,244.72,245.88,243.56,0.947,79.5,0.024,0,2026-07-31,2026-08-04,False,False,5.0,2026-08-04T12:56:22+05:30
HEXT,564.55,TOUCHED,-1.75,below,554.65,564.55,567.45,570.35,564.55,1.022,79.6,0.047,0,2026-07-31,2026-08-04,False,False,5.0,2026-08-04T12:56:22+05:30
BAJAJHFL,86.78,TOUCHED,0.49,above,87.2,86.78,86.52,86.78,86.27,0.582,79.7,0.025,0,2026-07-31,2026-08-04,False,False,5.0,2026-08-04T12:56:22+05:30
PCBL,320.60,TOUCHED,0.17,inside,321.15,320.6,320.6,321.95,319.25,0.842,80.3,0.05,0,2026-07-31,2026-08-04,False,False,5.0,2026-08-04T12:56:22+05:30
AIIL,548.10,TOUCHED,2.43,above,561.4,548.1,545.17,548.1,542.23,1.076,80.5,0.056,0,2026-07-31,2026-08-04,False,False,5.0,2026-08-04T12:56:22+05:30
MAXHEALTH,1102.87,TOUCHED,-1.88,below,1082.1,1102.87,1107.23,1111.6,1102.87,0.789,80.5,0.037,0,2026-07-31,2026-08-04,False,False,5.0,2026-08-04T12:56:22+05:30
HSCL,754.50,TOUCHED,-0.0,below,754.5,754.5,758.35,762.2,754.5,1.015,81.9,0.035,0,2026-07-31,2026-08-04,False,False,5.0,2026-08-04T12:56:22+05:30
LALPATHLAB,1898.30,TOUCHED,0.06,above,1899.5,1898.3,1891.4,1898.3,1884.5,0.73,81.9,0.044,0,2026-07-31,2026-08-04,False,False,5.0,2026-08-04T12:56:22+05:30
MRF,133555.00,TOUCHED,-0.01,inside,133540.0,133555.0,133555.0,133947.5,133162.5,0.588,81.9,0.035,0,2026-07-31,2026-08-04,False,False,5.0,2026-08-04T12:56:22+05:30
GLAXO,2644.22,TOUCHED,0.09,above,2646.5,2644.22,2633.03,2644.22,2621.85,0.849,83.6,0.026,0,2026-07-31,2026-08-04,False,False,5.0,2026-08-04T12:56:22+05:30
NIVABUPA,87.69,TOUCHED,-0.19,inside,87.52,87.69,87.69,88.03,87.35,0.775,83.6,0.019,0,2026-07-31,2026-08-04,False,False,5.0,2026-08-04T12:56:22+05:30
BSE,3605.23,TOUCHED,-0.21,inside,3597.5,3605.23,3605.23,3625.72,3584.75,1.136,83.8,0.022,0,2026-07-31,2026-08-04,False,False,5.0,2026-08-04T12:56:22+05:30
USHAMART,503.30,TOUCHED,0.21,above,504.35,503.3,500.85,503.3,498.4,0.978,85.5,0.04,0,2026-07-31,2026-08-04,False,False,5.0,2026-08-04T12:56:22+05:30
JUBLPHARMA,939.61,TOUCHED,-0.63,below,933.65,939.61,944.07,948.52,939.61,0.944,86.0,0.022,0,2026-07-31,2026-08-04,False,False,5.0,2026-08-04T12:56:22+05:30
INDHOTEL,744.27,TOUCHED,0.05,inside,744.65,744.27,744.27,747.12,741.41,0.768,86.3,0.019,0,2026-07-31,2026-08-04,False,False,5.0,2026-08-04T12:56:22+05:30
MARICO,873.27,TOUCHED,-1.66,below,858.75,873.27,875.88,878.5,873.27,0.597,86.3,0.018,0,2026-07-31,2026-08-04,False,False,5.0,2026-08-04T12:56:22+05:30
FIVESTAR,550.97,TOUCHED,-0.44,below,548.55,550.97,553.98,557.0,550.97,1.089,86.6,0.036,0,2026-07-31,2026-08-04,False,False,5.0,2026-08-04T12:56:22+05:30
LODHA,1252.06,TOUCHED,-0.87,below,1241.2,1252.06,1260.17,1268.28,1252.06,1.287,90.1,0.031,0,2026-07-31,2026-08-04,False,False,5.0,2026-08-04T12:56:22+05:30
UBL,1429.70,TOUCHED,0.01,inside,1429.9,1429.7,1429.7,1435.15,1424.25,0.762,90.4,0.028,0,2026-07-31,2026-08-04,False,False,5.0,2026-08-04T12:56:22+05:30
THELEELA,491.88,TOUCHED,1.29,above,498.25,491.88,489.17,491.88,486.45,1.111,90.8,0.034,0,2026-07-31,2026-08-04,False,False,5.0,2026-08-04T12:56:22+05:30
VTL,593.13,TOUCHED,0.43,inside,595.7,593.13,593.13,596.8,589.47,1.236,92.1,0.032,0,2026-07-31,2026-08-04,False,False,5.0,2026-08-04T12:56:22+05:30
POONAWALLA,469.85,TOUCHED,-0.31,inside,468.4,469.85,469.85,473.0,466.7,1.341,92.3,0.033,0,2026-07-31,2026-08-04,False,False,5.0,2026-08-04T12:56:22+05:30
DEVYANI,116.50,TOUCHED,1.82,above,118.61,116.5,115.72,116.5,114.95,1.334,92.9,0.04,0,2026-07-31,2026-08-04,False,False,5.0,2026-08-04T12:56:22+05:30
SAPPHIRE,189.28,TOUCHED,0.71,above,190.61,189.28,187.89,189.28,186.5,1.478,93.2,0.05,0,2026-07-31,2026-08-04,False,False,5.0,2026-08-04T12:56:22+05:30
NIACL,171.18,TOUCHED,0.65,inside,172.29,171.18,171.18,172.4,169.97,1.423,94.5,0.032,0,2026-07-31,2026-08-04,False,False,5.0,2026-08-04T12:56:22+05:30
CGCL,230.74,TOUCHED,0.44,above,231.75,230.74,229.09,230.74,227.44,1.436,95.1,0.049,0,2026-07-31,2026-08-04,False,False,5.0,2026-08-04T12:56:22+05:30
INDIAMART,1781.93,TOUCHED,0.11,inside,1783.9,1781.93,1781.93,1790.87,1773.0,1.003,95.1,0.026,0,2026-07-31,2026-08-04,False,False,5.0,2026-08-04T12:56:22+05:30
MGL,1128.68,TOUCHED,-1.1,below,1116.3,1128.68,1136.87,1145.05,1128.68,1.44,96.2,0.039,0,2026-07-31,2026-08-04,False,False,5.0,2026-08-04T12:56:22+05:30
MANKIND,2485.65,TOUCHED,-0.96,below,2461.8,2485.65,2501.7,2517.75,2485.65,1.283,96.4,0.038,0,2026-07-31,2026-08-04,False,False,5.0,2026-08-04T12:56:22+05:30
PERSISTENT,5464.13,TOUCHED,0.44,inside,5488.0,5464.13,5464.13,5506.57,5421.7,1.553,96.4,0.018,0,2026-07-31,2026-08-04,False,False,5.0,2026-08-04T12:56:22+05:30
